"Prev.Length","Match.Score","Tile.Size","Prev.Type","Browse.Time"
55,50,0.2,"TT",16.5798226251911
55,80,0.2,"TT",10.7636161463139
55,50,0.2,"AC",23.2640874242264
55,80,0.2,"AC",15.9918069332991
55,50,0.4,"TT",17.0322019108754
55,80,0.4,"TT",11.0221944636033
55,50,0.4,"AC",21.5216003248586
55,80,0.4,"AC",16.9845161237095
95,50,0.2,"TT",14.1261119496119
95,80,0.2,"TT",15.3758498786717
95,50,0.2,"AC",20.7137535592225
95,80,0.2,"AC",21.0157873792273
95,50,0.4,"TT",14.305211748831
95,80,0.4,"TT",16.2416334059937
95,50,0.4,"AC",20.0121317240387
95,80,0.4,"AC",18.8498872432663
55,50,0.2,"TT",16.4014899512776
55,80,0.2,"TT",11.238494858
55,50,0.2,"AC",23.672678345047
55,80,0.2,"AC",16.9348943036302
55,50,0.4,"TT",17.3732367585859
55,80,0.4,"TT",11.0890397787279
55,50,0.4,"AC",22.5245870764145
55,80,0.4,"AC",17.6260118853798
95,50,0.2,"TT",15.8115045008671
95,80,0.2,"TT",13.1116120609162
95,50,0.2,"AC",18.4093912722604
95,80,0.2,"AC",18.6423343943736
95,50,0.4,"TT",14.8898471372762
95,80,0.4,"TT",14.7359271246602
95,50,0.4,"AC",21.5477734975865
95,80,0.4,"AC",17.866016239423
55,50,0.2,"TT",18.1703877472225
55,80,0.2,"TT",10.6753583461668
55,50,0.2,"AC",23.0140516649685
55,80,0.2,"AC",16.1389189949618
55,50,0.4,"TT",17.5403737804205
55,80,0.4,"TT",10.5027516753284
55,50,0.4,"AC",22.3057376559531
55,80,0.4,"AC",17.1215703978094
95,50,0.2,"TT",13.7315492162816
95,80,0.2,"TT",15.1101347176644
95,50,0.2,"AC",20.3428239711569
95,80,0.2,"AC",18.5628391573772
95,50,0.4,"TT",16.2352293634924
95,80,0.4,"TT",15.6524158761014
95,50,0.4,"AC",21.167644307359
95,80,0.4,"AC",18.8921827086766
55,50,0.2,"TT",16.1710719479197
55,80,0.2,"TT",11.0681285886593
55,50,0.2,"AC",23.056558051292
55,80,0.2,"AC",16.6078524690231
55,50,0.4,"TT",16.698838576472
55,80,0.4,"TT",11.5895583758796
55,50,0.4,"AC",21.3380274668679
55,80,0.4,"AC",17.7883849958314
95,50,0.2,"TT",16.1889142955684
95,80,0.2,"TT",13.1309424647002
95,50,0.2,"AC",21.0408796160124
95,80,0.2,"AC",20.4502786745584
95,50,0.4,"TT",16.2189188607658
95,80,0.4,"TT",16.2701551837047
95,50,0.4,"AC",20.525146724785
95,80,0.4,"AC",18.7157635752117
55,50,0.2,"TT",15.7671043347399
55,80,0.2,"TT",13.1489259272775
55,50,0.2,"AC",22.2774120194059
55,80,0.2,"AC",16.4987191151306
55,50,0.4,"TT",16.3876912377634
55,80,0.4,"TT",13.0818037676676
55,50,0.4,"AC",20.7042193798802
55,80,0.4,"AC",17.6478761734433
95,50,0.2,"TT",14.6305487481345
95,80,0.2,"TT",15.0202297750593
95,50,0.2,"AC",19.3525906015654
95,80,0.2,"AC",19.9797876067609
95,50,0.4,"TT",14.8294948124366
95,80,0.4,"TT",15.5510892787441
95,50,0.4,"AC",20.2892044638218
95,80,0.4,"AC",18.7716705629981
55,50,0.2,"TT",18.4720492528641
55,80,0.2,"TT",9.3370219500897
55,50,0.2,"AC",23.2293405783021
55,80,0.2,"AC",16.8041032261762
55,50,0.4,"TT",19.1932379418105
55,80,0.4,"TT",12.7470866487013
55,50,0.4,"AC",23.1684230743216
55,80,0.4,"AC",16.2419319977353
95,50,0.2,"TT",15.9241122811743
95,80,0.2,"TT",15.1976042329146
95,50,0.2,"AC",20.2672498628481
95,80,0.2,"AC",19.3410416775243
95,50,0.4,"TT",15.6668091389773
95,80,0.4,"TT",15.0805772240803
95,50,0.4,"AC",21.0380052412609
95,80,0.4,"AC",18.5525974594409
55,50,0.2,"TT",17.9129179659978
55,80,0.2,"TT",11.4051626367873
55,50,0.2,"AC",22.6260003322123
55,80,0.2,"AC",16.268925367519
55,50,0.4,"TT",17.0416976961012
55,80,0.4,"TT",11.7645837170978
55,50,0.4,"AC",21.9956038958653
55,80,0.4,"AC",15.5199223149883
95,50,0.2,"TT",16.4447626258869
95,80,0.2,"TT",13.1449737212446
95,50,0.2,"AC",20.968698052153
95,80,0.2,"AC",18.9763251452775
95,50,0.4,"TT",15.2637432936117
95,80,0.4,"TT",13.741327065286
95,50,0.4,"AC",19.8113821776535
95,80,0.4,"AC",18.3633236692111
55,50,0.2,"TT",17.7670675655832
55,80,0.2,"TT",12.4993324363125
55,50,0.2,"AC",22.3961397011323
55,80,0.2,"AC",18.2194870056521
55,50,0.4,"TT",18.0431568230474
55,80,0.4,"TT",11.8586950725363
55,50,0.4,"AC",22.1113971866188
55,80,0.4,"AC",16.7914487465103
95,50,0.2,"TT",15.1829589307688
95,80,0.2,"TT",15.5303507751453
95,50,0.2,"AC",18.9224927596221
95,80,0.2,"AC",17.6493693111392
95,50,0.4,"TT",13.7204696828668
95,80,0.4,"TT",16.4851910260166
95,50,0.4,"AC",21.7063319288495
95,80,0.4,"AC",19.1587022196989
55,50,0.2,"TT",15.7359124324951
55,80,0.2,"TT",10.8427087067799
55,50,0.2,"AC",24.0177860571563
55,80,0.2,"AC",18.2900134417639
55,50,0.4,"TT",18.1844723914781
55,80,0.4,"TT",12.8484031463641
55,50,0.4,"AC",21.7716778469404
55,80,0.4,"AC",15.8737480100307
95,50,0.2,"TT",16.4719399558695
95,80,0.2,"TT",13.350066956661
95,50,0.2,"AC",18.3502191845027
95,80,0.2,"AC",19.8521777227876
95,50,0.4,"TT",14.1906777210101
95,80,0.4,"TT",14.4946445653247
95,50,0.4,"AC",19.2740561553366
95,80,0.4,"AC",18.1522261139704
55,50,0.2,"TT",17.7332962137218
55,80,0.2,"TT",11.080966170255
55,50,0.2,"AC",21.5973085466241
55,80,0.2,"AC",14.711842464612
55,50,0.4,"TT",17.2013727428284
55,80,0.4,"TT",12.39603058282
55,50,0.4,"AC",23.0178179795998
55,80,0.4,"AC",15.7080847855744
95,50,0.2,"TT",14.2981380884583
95,80,0.2,"TT",13.5369878436412
95,50,0.2,"AC",20.3188891350188
95,80,0.2,"AC",18.3192030454469
95,50,0.4,"TT",15.979249831618
95,80,0.4,"TT",15.3142097948975
95,50,0.4,"AC",20.0693760676933
95,80,0.4,"AC",17.9023941376543
55,50,0.2,"TT",16.3036202212105
55,80,0.2,"TT",11.8681644113768
55,50,0.2,"AC",22.7512561772377
55,80,0.2,"AC",14.6491357700048
55,50,0.4,"TT",16.7737323213114
55,80,0.4,"TT",13.2635471747546
55,50,0.4,"AC",22.6397545056238
55,80,0.4,"AC",16.4704027309484
95,50,0.2,"TT",14.2881874893556
95,80,0.2,"TT",14.7938825843918
95,50,0.2,"AC",20.0392108502225
95,80,0.2,"AC",20.0305518693353
95,50,0.4,"TT",14.8440709062641
95,80,0.4,"TT",14.7312642723979
95,50,0.4,"AC",20.2987839672401
95,80,0.4,"AC",20.1692568336662
55,50,0.2,"TT",17.0227569098422
55,80,0.2,"TT",11.7924645814799
55,50,0.2,"AC",21.7690006788911
55,80,0.2,"AC",17.5396397739246
55,50,0.4,"TT",16.2307413746908
55,80,0.4,"TT",12.7550082566298
55,50,0.4,"AC",21.6685579330049
55,80,0.4,"AC",15.8271302207367
95,50,0.2,"TT",13.6680092864648
95,80,0.2,"TT",14.331920800108
95,50,0.2,"AC",20.9291125435502
95,80,0.2,"AC",19.9685669920784
95,50,0.4,"TT",15.6272789454664
95,80,0.4,"TT",15.7569389489842
95,50,0.4,"AC",20.9669837185292
95,80,0.4,"AC",20.4027268614648
55,50,0.2,"TT",16.768365761471
55,80,0.2,"TT",12.4012789428745
55,50,0.2,"AC",21.2943728206084
55,80,0.2,"AC",15.5220452524281
55,50,0.4,"TT",18.2229847354892
55,80,0.4,"TT",10.2558692304862
55,50,0.4,"AC",20.6651632556904
55,80,0.4,"AC",15.3710931122135
95,50,0.2,"TT",13.7743814438609
95,80,0.2,"TT",14.7947670820032
95,50,0.2,"AC",22.2551198317774
95,80,0.2,"AC",19.5892193383843
95,50,0.4,"TT",16.8442304819249
95,80,0.4,"TT",13.9693043792047
95,50,0.4,"AC",20.8520318786529
95,80,0.4,"AC",21.3000385316739
55,50,0.2,"TT",17.4630607414122
55,80,0.2,"TT",12.0145476376413
55,50,0.2,"AC",20.3557434474839
55,80,0.2,"AC",16.5723808364178
55,50,0.4,"TT",17.0143346705466
55,80,0.4,"TT",13.2272560393264
55,50,0.4,"AC",23.620463466575
55,80,0.4,"AC",17.1148715966912
95,50,0.2,"TT",14.6344916103674
95,80,0.2,"TT",14.0497001771399
95,50,0.2,"AC",20.1375487781558
95,80,0.2,"AC",19.9089324605475
95,50,0.4,"TT",14.8327111486322
95,80,0.4,"TT",13.9341136776508
95,50,0.4,"AC",19.3603289851333
95,80,0.4,"AC",19.2113359085829
55,50,0.2,"TT",15.7785872654472
55,80,0.2,"TT",11.1199246297348
55,50,0.2,"AC",21.0999688176466
55,80,0.2,"AC",16.8269058689145
55,50,0.4,"TT",17.7903328641557
55,80,0.4,"TT",10.2771545497637
55,50,0.4,"AC",24.2107850962753
55,80,0.4,"AC",16.7943623403331
95,50,0.2,"TT",16.3112273866336
95,80,0.2,"TT",15.1541424820417
95,50,0.2,"AC",21.8744500179237
95,80,0.2,"AC",20.6022303910656
95,50,0.4,"TT",14.1648857024185
95,80,0.4,"TT",13.5493860430078
95,50,0.4,"AC",21.20236243569
95,80,0.4,"AC",19.9246875110435
55,50,0.2,"TT",17.0390495637365
55,80,0.2,"TT",12.6894779595096
55,50,0.2,"AC",23.4556853699653
55,80,0.2,"AC",17.8082417618632
55,50,0.4,"TT",17.7884567687807
55,80,0.4,"TT",10.6161259945381
55,50,0.4,"AC",22.4670508555475
55,80,0.4,"AC",19.4431958837892
95,50,0.2,"TT",16.7981124602678
95,80,0.2,"TT",13.9978699589372
95,50,0.2,"AC",20.0452026609617
95,80,0.2,"AC",21.8723218458173
95,50,0.4,"TT",14.886046805606
95,80,0.4,"TT",14.4209362364722
95,50,0.4,"AC",19.4648906944967
95,80,0.4,"AC",18.882521250076
55,50,0.2,"TT",18.8049368013691
55,80,0.2,"TT",11.6030202907963
55,50,0.2,"AC",21.5613988593863
55,80,0.2,"AC",17.2647864484567
55,50,0.4,"TT",17.8292749646987
55,80,0.4,"TT",12.1428376612935
55,50,0.4,"AC",21.781873619607
55,80,0.4,"AC",18.9902575527314
95,50,0.2,"TT",15.4884331215801
95,80,0.2,"TT",14.2478798988
95,50,0.2,"AC",19.47314693189
95,80,0.2,"AC",19.5062187783088
95,50,0.4,"TT",15.1840080248421
95,80,0.4,"TT",15.8956982755023
95,50,0.4,"AC",19.9136787627346
95,80,0.4,"AC",18.6462684885209
55,50,0.2,"TT",17.1545471769759
55,80,0.2,"TT",13.2621280534495
55,50,0.2,"AC",22.4516464370564
55,80,0.2,"AC",17.2922252333894
55,50,0.4,"TT",17.5768114727089
55,80,0.4,"TT",11.8806770987952
55,50,0.4,"AC",23.4577521653711
55,80,0.4,"AC",15.8560446613498
95,50,0.2,"TT",15.1927651658919
95,80,0.2,"TT",13.543971222275
95,50,0.2,"AC",19.4574866962495
95,80,0.2,"AC",21.3121454285845
95,50,0.4,"TT",14.9072753865484
95,80,0.4,"TT",15.3188760441935
95,50,0.4,"AC",20.7346132247632
95,80,0.4,"AC",18.5468292315502
55,50,0.2,"TT",16.9128152486033
55,80,0.2,"TT",13.083203137983
55,50,0.2,"AC",22.6796095018705
55,80,0.2,"AC",17.2307019852128
55,50,0.4,"TT",18.02495302518
55,80,0.4,"TT",11.195634041763
55,50,0.4,"AC",23.1946506198252
55,80,0.4,"AC",17.9691251166641
95,50,0.2,"TT",15.442519591723
95,80,0.2,"TT",16.7067414450207
95,50,0.2,"AC",18.8618371306097
95,80,0.2,"AC",20.5478966604668
95,50,0.4,"TT",14.8212215354451
95,80,0.4,"TT",16.1303371836521
95,50,0.4,"AC",20.398260660181
95,80,0.4,"AC",19.8224237371396
55,50,0.2,"TT",19.4702939214391
55,80,0.2,"TT",11.6838145431732
55,50,0.2,"AC",22.1948801287703
55,80,0.2,"AC",19.052654331574
55,50,0.4,"TT",15.648628292555
55,80,0.4,"TT",12.2929580334197
55,50,0.4,"AC",21.0380153311398
55,80,0.4,"AC",16.2048487773247
95,50,0.2,"TT",13.9675985370882
95,80,0.2,"TT",15.3893565946854
95,50,0.2,"AC",21.4396020645588
95,80,0.2,"AC",19.2239188811107
95,50,0.4,"TT",15.5715985001305
95,80,0.4,"TT",15.0155005557651
95,50,0.4,"AC",19.6145182306745
95,80,0.4,"AC",18.3167019013331
55,50,0.2,"TT",17.4842099986448
55,80,0.2,"TT",12.8680917207025
55,50,0.2,"AC",23.1392776483699
55,80,0.2,"AC",17.9503735579365
55,50,0.4,"TT",15.6781143737618
55,80,0.4,"TT",11.8152501893877
55,50,0.4,"AC",22.7118518326669
55,80,0.4,"AC",17.0920535987857
95,50,0.2,"TT",14.9548586274696
95,80,0.2,"TT",13.8066880849113
95,50,0.2,"AC",19.1784180709803
95,80,0.2,"AC",20.7816077769744
95,50,0.4,"TT",15.4917834868119
95,80,0.4,"TT",14.990909755849
95,50,0.4,"AC",20.8336323763535
95,80,0.4,"AC",19.9159862355391
55,50,0.2,"TT",18.4283445713876
55,80,0.2,"TT",11.3577289053259
55,50,0.2,"AC",22.462768957713
55,80,0.2,"AC",18.2133248376127
55,50,0.4,"TT",17.3071768854225
55,80,0.4,"TT",12.236738897937
55,50,0.4,"AC",23.1378894784044
55,80,0.4,"AC",17.1063471921846
95,50,0.2,"TT",14.5190784637619
95,80,0.2,"TT",16.5144406389133
95,50,0.2,"AC",21.2963837643371
95,80,0.2,"AC",18.6574737677162
95,50,0.4,"TT",13.387274988565
95,80,0.4,"TT",13.8315463451464
95,50,0.4,"AC",21.9775209820097
95,80,0.4,"AC",18.8566925946488
55,50,0.2,"TT",17.6724306457996
55,80,0.2,"TT",11.5158243455885
55,50,0.2,"AC",21.5983883206932
55,80,0.2,"AC",17.1742530197833
55,50,0.4,"TT",15.5814604817761
55,80,0.4,"TT",12.1443600963123
55,50,0.4,"AC",21.7291693968159
55,80,0.4,"AC",14.9847440531932
95,50,0.2,"TT",15.6028979262183
95,80,0.2,"TT",15.3512136348745
95,50,0.2,"AC",21.2244302612309
95,80,0.2,"AC",20.2997515687087
95,50,0.4,"TT",16.323699096084
95,80,0.4,"TT",14.4184947394918
95,50,0.4,"AC",21.4293697785218
95,80,0.4,"AC",19.2323172584743
55,50,0.2,"TT",16.4003478984151
55,80,0.2,"TT",9.15132027456199
55,50,0.2,"AC",23.9144596513489
55,80,0.2,"AC",16.3326588789783
55,50,0.4,"TT",15.982837845499
55,80,0.4,"TT",10.3391027948641
55,50,0.4,"AC",22.8784110082208
55,80,0.4,"AC",17.2694444491064
95,50,0.2,"TT",14.9619991145036
95,80,0.2,"TT",14.8351299844319
95,50,0.2,"AC",20.2839056428067
95,80,0.2,"AC",20.2772702116897
95,50,0.4,"TT",15.7866408756173
95,80,0.4,"TT",14.4623535467621
95,50,0.4,"AC",19.0268525697245
95,80,0.4,"AC",21.5617977236216
55,50,0.2,"TT",19.2886332308607
55,80,0.2,"TT",10.5068010557928
55,50,0.2,"AC",21.3708080805428
55,80,0.2,"AC",16.4702923433824
55,50,0.4,"TT",17.2912571571622
55,80,0.4,"TT",11.5277661907549
55,50,0.4,"AC",22.9025573187397
55,80,0.4,"AC",17.9251103868604
95,50,0.2,"TT",14.1841283610429
95,80,0.2,"TT",12.817909752972
95,50,0.2,"AC",20.7205348491224
95,80,0.2,"AC",20.8904038481197
95,50,0.4,"TT",17.5734642247443
95,80,0.4,"TT",14.1154493101638
95,50,0.4,"AC",21.1733409618208
95,80,0.4,"AC",20.0581405723081
55,50,0.2,"TT",18.7206694227675
55,80,0.2,"TT",13.0519217779126
55,50,0.2,"AC",19.9800261703454
55,80,0.2,"AC",17.6126572951084
55,50,0.4,"TT",15.9898219174477
55,80,0.4,"TT",11.8287896057571
55,50,0.4,"AC",23.2249407655342
55,80,0.4,"AC",17.8476010493814
95,50,0.2,"TT",15.1201446840004
95,80,0.2,"TT",13.9778648775512
95,50,0.2,"AC",21.4943240856498
95,80,0.2,"AC",19.1440592688134
95,50,0.4,"TT",14.6700101547636
95,80,0.4,"TT",13.8399120021326
95,50,0.4,"AC",20.0203865469289
95,80,0.4,"AC",20.5794826479663
55,50,0.2,"TT",18.8884066824034
55,80,0.2,"TT",12.753980232313
55,50,0.2,"AC",20.5924206551825
55,80,0.2,"AC",17.530976326176
55,50,0.4,"TT",17.2785287079267
55,80,0.4,"TT",12.824650525512
55,50,0.4,"AC",20.7150287106503
55,80,0.4,"AC",17.322396792412
95,50,0.2,"TT",16.2509500601255
95,80,0.2,"TT",15.0800064494935
95,50,0.2,"AC",21.1214421098131
95,80,0.2,"AC",20.0920713028228
95,50,0.4,"TT",15.5708363558544
95,80,0.4,"TT",12.733759765868
95,50,0.4,"AC",19.9924223980041
95,80,0.4,"AC",19.800721752118
55,50,0.2,"TT",16.8553346970993
55,80,0.2,"TT",11.6571801183222
55,50,0.2,"AC",22.89720173245
55,80,0.2,"AC",18.0348536987627
55,50,0.4,"TT",18.2018664741591
55,80,0.4,"TT",13.1569347342044
55,50,0.4,"AC",22.6492019079884
55,80,0.4,"AC",17.0819060489013
95,50,0.2,"TT",17.312722673335
95,80,0.2,"TT",17.7267915071951
95,50,0.2,"AC",20.0773648937433
95,80,0.2,"AC",19.6157465944942
95,50,0.4,"TT",15.8044937403222
95,80,0.4,"TT",14.1727559645797
95,50,0.4,"AC",20.2743906813219
95,80,0.4,"AC",18.9185964971366
55,50,0.2,"TT",18.2049732114263
55,80,0.2,"TT",10.2455706954919
55,50,0.2,"AC",22.8627235393306
55,80,0.2,"AC",14.9417914761998
55,50,0.4,"TT",16.8847240227746
55,80,0.4,"TT",12.8531526667853
55,50,0.4,"AC",23.9599267274308
55,80,0.4,"AC",16.8186110466182
95,50,0.2,"TT",15.0133496566543
95,80,0.2,"TT",13.5038731553035
95,50,0.2,"AC",21.2234878635372
95,80,0.2,"AC",21.2754929605679
95,50,0.4,"TT",15.400566530909
95,80,0.4,"TT",14.3299657947128
95,50,0.4,"AC",19.8930939821153
95,80,0.4,"AC",19.9648920785604
55,50,0.2,"TT",16.6436912855719
55,80,0.2,"TT",11.6104879493487
55,50,0.2,"AC",22.5023112793695
55,80,0.2,"AC",16.2600558881632
55,50,0.4,"TT",16.7583564814229
55,80,0.4,"TT",10.9717969598033
55,50,0.4,"AC",21.2638666695923
55,80,0.4,"AC",15.9876983675302
95,50,0.2,"TT",14.2369667988587
95,80,0.2,"TT",15.3029763408652
95,50,0.2,"AC",20.8602965828094
95,80,0.2,"AC",20.3743092124777
95,50,0.4,"TT",16.5729966535136
95,80,0.4,"TT",13.3661575493724
95,50,0.4,"AC",19.2330976946972
95,80,0.4,"AC",19.6839533700953
55,50,0.2,"TT",16.765025880575
55,80,0.2,"TT",13.9324127607829
55,50,0.2,"AC",22.1713286522165
55,80,0.2,"AC",16.366369102764
55,50,0.4,"TT",16.6918465012823
55,80,0.4,"TT",11.4193274854413
55,50,0.4,"AC",20.6708830624905
55,80,0.4,"AC",16.9702600139922
95,50,0.2,"TT",14.9854594786218
95,80,0.2,"TT",15.6872601959943
95,50,0.2,"AC",21.009214320389
95,80,0.2,"AC",18.5754856235373
95,50,0.4,"TT",15.2239576286799
95,80,0.4,"TT",14.5921702857839
95,50,0.4,"AC",19.222126853214
95,80,0.4,"AC",17.93041143586
55,50,0.2,"TT",17.2113525778181
55,80,0.2,"TT",11.8143675445737
55,50,0.2,"AC",22.4001347185021
55,80,0.2,"AC",16.8710753893849
55,50,0.4,"TT",16.5340324880498
55,80,0.4,"TT",12.4072277655361
55,50,0.4,"AC",19.7294617616202
55,80,0.4,"AC",15.9369910894647
95,50,0.2,"TT",13.7591584602328
95,80,0.2,"TT",12.5531647743555
95,50,0.2,"AC",21.6733633708769
95,80,0.2,"AC",22.0474373093371
95,50,0.4,"TT",15.2587090067879
95,80,0.4,"TT",14.0805368912568
95,50,0.4,"AC",20.3377378167869
95,80,0.4,"AC",19.1635929699013
55,50,0.2,"TT",18.5672950236917
55,80,0.2,"TT",12.5596991567312
55,50,0.2,"AC",22.7543887203893
55,80,0.2,"AC",16.1359319663797
55,50,0.4,"TT",16.7434836335298
55,80,0.4,"TT",10.9238983297088
55,50,0.4,"AC",22.0861865653833
55,80,0.4,"AC",16.89275725755
95,50,0.2,"TT",15.1045737961573
95,80,0.2,"TT",13.6711525518922
95,50,0.2,"AC",20.5436255728064
95,80,0.2,"AC",19.0566428465996
95,50,0.4,"TT",16.2578986906631
95,80,0.4,"TT",14.0477855776206
95,50,0.4,"AC",20.6472133058457
95,80,0.4,"AC",21.458646685959
55,50,0.2,"TT",17.9182403486041
55,80,0.2,"TT",12.4419375311032
55,50,0.2,"AC",21.639327585673
55,80,0.2,"AC",17.7319824990712
55,50,0.4,"TT",16.7780685619107
55,80,0.4,"TT",11.7081473607877
55,50,0.4,"AC",21.3334010066964
55,80,0.4,"AC",15.7891074762501
95,50,0.2,"TT",15.3154762793403
95,80,0.2,"TT",16.4299824968534
95,50,0.2,"AC",22.1726105738423
95,80,0.2,"AC",20.6387990726074
95,50,0.4,"TT",15.5013625576525
95,80,0.4,"TT",13.1968619748216
95,50,0.4,"AC",20.3751613567607
95,80,0.4,"AC",20.4894883420391
55,50,0.2,"TT",16.5641457163881
55,80,0.2,"TT",10.8668622545713
55,50,0.2,"AC",23.375138382751
55,80,0.2,"AC",17.2403500913826
55,50,0.4,"TT",16.7951733688471
55,80,0.4,"TT",10.2421888533319
55,50,0.4,"AC",23.7194949094158
55,80,0.4,"AC",17.2090308856031
95,50,0.2,"TT",13.3947697594761
95,80,0.2,"TT",15.2491800092144
95,50,0.2,"AC",20.0600768409714
95,80,0.2,"AC",19.7500483021119
95,50,0.4,"TT",16.3685849299946
95,80,0.4,"TT",14.707663722067
95,50,0.4,"AC",20.3065798475752
95,80,0.4,"AC",20.002128698311
55,50,0.2,"TT",18.0126745501608
55,80,0.2,"TT",12.8111159814296
55,50,0.2,"AC",22.7125009663
55,80,0.2,"AC",17.583439168895
55,50,0.4,"TT",18.5496149441227
55,80,0.4,"TT",12.9176842994062
55,50,0.4,"AC",22.4598667470235
55,80,0.4,"AC",16.6872302035849
95,50,0.2,"TT",15.3679884317142
95,80,0.2,"TT",15.6192386278813
95,50,0.2,"AC",20.1005648055741
95,80,0.2,"AC",18.6690064673996
95,50,0.4,"TT",16.1675213303479
95,80,0.4,"TT",12.7225002846576
95,50,0.4,"AC",18.7457439474669
95,80,0.4,"AC",19.6097048038413
55,50,0.2,"TT",17.4160453343547
55,80,0.2,"TT",11.3732065525637
55,50,0.2,"AC",21.7887040446562
55,80,0.2,"AC",17.0286234005674
55,50,0.4,"TT",16.1873519897062
55,80,0.4,"TT",12.9995955956903
55,50,0.4,"AC",23.393080651574
55,80,0.4,"AC",17.3772248903287
95,50,0.2,"TT",14.3854457338792
95,80,0.2,"TT",12.7052151906435
95,50,0.2,"AC",20.430614971654
95,80,0.2,"AC",20.024124578543
95,50,0.4,"TT",15.5575300350613
95,80,0.4,"TT",15.1908183735323
95,50,0.4,"AC",21.7718729460434
95,80,0.4,"AC",20.1577826090257
55,50,0.2,"TT",16.5285852487838
55,80,0.2,"TT",11.538037357564
55,50,0.2,"AC",23.2271185576645
55,80,0.2,"AC",16.981806653564
55,50,0.4,"TT",16.8779440310401
55,80,0.4,"TT",12.4669524433243
55,50,0.4,"AC",23.7620660643628
55,80,0.4,"AC",17.0684427573609
95,50,0.2,"TT",14.9207605405731
95,80,0.2,"TT",15.0429644510094
95,50,0.2,"AC",19.3796428323686
95,80,0.2,"AC",20.7513433894598
95,50,0.4,"TT",14.856540779257
95,80,0.4,"TT",15.0232045408039
95,50,0.4,"AC",19.7226063720709
95,80,0.4,"AC",22.1637938049394
55,50,0.2,"TT",18.7294812617859
55,80,0.2,"TT",11.7649522087315
55,50,0.2,"AC",23.5781115019991
55,80,0.2,"AC",16.0271890736205
55,50,0.4,"TT",17.0005771221359
55,80,0.4,"TT",12.4441358864388
55,50,0.4,"AC",21.808619277171
55,80,0.4,"AC",16.0037626662034
95,50,0.2,"TT",15.4915161611285
95,80,0.2,"TT",15.9844585109493
95,50,0.2,"AC",19.6096181300869
95,80,0.2,"AC",17.8845351820337
95,50,0.4,"TT",15.6625783446482
95,80,0.4,"TT",13.6317987805848
95,50,0.4,"AC",19.6291269905353
95,80,0.4,"AC",19.6184531639943
55,50,0.2,"TT",16.7184820736712
55,80,0.2,"TT",11.7957469380735
55,50,0.2,"AC",22.5043030376384
55,80,0.2,"AC",16.7714047660154
55,50,0.4,"TT",18.0019571885219
55,80,0.4,"TT",11.7981140913899
55,50,0.4,"AC",21.9564811176344
55,80,0.4,"AC",15.3881535538222
95,50,0.2,"TT",16.310002656353
95,80,0.2,"TT",13.9040111095137
95,50,0.2,"AC",19.5305779446729
95,80,0.2,"AC",19.444940267121
95,50,0.4,"TT",13.4566812116886
95,80,0.4,"TT",14.8980400014408
95,50,0.4,"AC",18.8968371665736
95,80,0.4,"AC",20.6612729963777
55,50,0.2,"TT",17.4468548253138
55,80,0.2,"TT",12.2558365472086
55,50,0.2,"AC",22.9210606962029
55,80,0.2,"AC",15.3852839951709
55,50,0.4,"TT",17.4299256055957
55,80,0.4,"TT",12.4938905779276
55,50,0.4,"AC",21.6456705778147
55,80,0.4,"AC",17.1756640737448
95,50,0.2,"TT",16.5933691490904
95,80,0.2,"TT",14.2299268514143
95,50,0.2,"AC",20.9472656220119
95,80,0.2,"AC",19.4616347646333
95,50,0.4,"TT",15.2976508659499
95,80,0.4,"TT",15.3782031683446
95,50,0.4,"AC",19.3702039421068
95,80,0.4,"AC",19.7461228844037
55,50,0.2,"TT",15.5985059185604
55,80,0.2,"TT",10.6139093269066
55,50,0.2,"AC",22.0969614589196
55,80,0.2,"AC",15.1947904781476
55,50,0.4,"TT",18.2700630618214
55,80,0.4,"TT",12.5754673613059
55,50,0.4,"AC",23.3603213701106
55,80,0.4,"AC",17.0863638298004
95,50,0.2,"TT",15.8601087209492
95,80,0.2,"TT",14.7190116393038
95,50,0.2,"AC",21.0593934204392
95,80,0.2,"AC",19.3829932758465
95,50,0.4,"TT",14.3602105794769
95,80,0.4,"TT",12.8414124393432
95,50,0.4,"AC",20.2532440073135
95,80,0.4,"AC",22.1461599080429
55,50,0.2,"TT",16.8730599394159
55,80,0.2,"TT",11.8990985676576
55,50,0.2,"AC",22.3445408440749
55,80,0.2,"AC",15.6785892552142
55,50,0.4,"TT",17.9146449175229
55,80,0.4,"TT",11.4519419109543
55,50,0.4,"AC",22.4286183772001
55,80,0.4,"AC",18.2012478380725
95,50,0.2,"TT",15.7628267422403
95,80,0.2,"TT",14.7176460893436
95,50,0.2,"AC",21.1470161599206
95,80,0.2,"AC",20.4124152154697
95,50,0.4,"TT",16.1650696853674
95,80,0.4,"TT",15.9962033161977
95,50,0.4,"AC",19.9988968025619
95,80,0.4,"AC",18.6724485128978
55,50,0.2,"TT",16.459412138748
55,80,0.2,"TT",12.6887432956671
55,50,0.2,"AC",23.4382195913215
55,80,0.2,"AC",15.6524281064127
55,50,0.4,"TT",17.4217828883437
55,80,0.4,"TT",9.98994466816252
55,50,0.4,"AC",21.8196737533123
55,80,0.4,"AC",17.0356488234476
95,50,0.2,"TT",14.9748837932813
95,80,0.2,"TT",14.8732472347607
95,50,0.2,"AC",20.8039329466244
95,80,0.2,"AC",20.5918717183774
95,50,0.4,"TT",16.6650380179257
95,80,0.4,"TT",15.192904650389
95,50,0.4,"AC",20.9398800181078
95,80,0.4,"AC",20.0625835853738
55,50,0.2,"TT",17.7204600534309
55,80,0.2,"TT",11.8050470906433
55,50,0.2,"AC",22.9851155690427
55,80,0.2,"AC",17.303707610725
55,50,0.4,"TT",16.7523621747282
55,80,0.4,"TT",13.0636077092615
55,50,0.4,"AC",23.7569442939831
55,80,0.4,"AC",16.4233346770097
95,50,0.2,"TT",14.5417009103578
95,80,0.2,"TT",15.1196562399667
95,50,0.2,"AC",19.4521299972576
95,80,0.2,"AC",17.9113571454327
95,50,0.4,"TT",16.486763377325
95,80,0.4,"TT",13.2090771162595
95,50,0.4,"AC",19.4549465844526
95,80,0.4,"AC",19.4844786868718
55,50,0.2,"TT",17.09931758109
55,80,0.2,"TT",12.7847483059443
55,50,0.2,"AC",20.8158404781141
55,80,0.2,"AC",17.3711581495152
55,50,0.4,"TT",16.1297887984663
55,80,0.4,"TT",11.2459840242942
55,50,0.4,"AC",23.2897850466376
55,80,0.4,"AC",17.2992748245392
95,50,0.2,"TT",17.1173339294529
95,80,0.2,"TT",14.6980384256016
95,50,0.2,"AC",19.1079380950093
95,80,0.2,"AC",19.4996056610286
95,50,0.4,"TT",15.792892961628
95,80,0.4,"TT",12.4037562247804
95,50,0.4,"AC",18.7884698494594
95,80,0.4,"AC",19.7032545769447
55,50,0.2,"TT",16.6411322038935
55,80,0.2,"TT",12.1010470684259
55,50,0.2,"AC",21.6332595038357
55,80,0.2,"AC",16.7250583778978
55,50,0.4,"TT",18.5426725974003
55,80,0.4,"TT",11.5879697482887
55,50,0.4,"AC",21.7571551879442
55,80,0.4,"AC",15.4479464324457
95,50,0.2,"TT",16.0950370820355
95,80,0.2,"TT",14.8504158119544
95,50,0.2,"AC",22.1668171477785
95,80,0.2,"AC",19.1757989707041
95,50,0.4,"TT",14.6143475581071
95,80,0.4,"TT",13.973968097603
95,50,0.4,"AC",18.4182989102334
95,80,0.4,"AC",20.4833433714213
55,50,0.2,"TT",16.2439546098493
55,80,0.2,"TT",13.0201708593945
55,50,0.2,"AC",24.408126630954
55,80,0.2,"AC",14.3601192042412
55,50,0.4,"TT",18.3920049784099
55,80,0.4,"TT",10.9422600252725
55,50,0.4,"AC",21.5012421680585
55,80,0.4,"AC",16.6268588248742
95,50,0.2,"TT",14.5385341563084
95,80,0.2,"TT",14.8073600969189
95,50,0.2,"AC",19.6183748014251
95,80,0.2,"AC",19.2201287112858
95,50,0.4,"TT",14.036092411177
95,80,0.4,"TT",15.1018949771234
95,50,0.4,"AC",20.2963069854192
95,80,0.4,"AC",18.8003147621963
55,50,0.2,"TT",18.3681206562927
55,80,0.2,"TT",13.1656608763161
55,50,0.2,"AC",21.7555767045436
55,80,0.2,"AC",18.0496016151361
55,50,0.4,"TT",17.8030087984347
55,80,0.4,"TT",13.0347641231251
55,50,0.4,"AC",21.5636671258294
55,80,0.4,"AC",16.7684029184167
95,50,0.2,"TT",16.641020781596
95,80,0.2,"TT",14.3482092381702
95,50,0.2,"AC",18.7710937502716
95,80,0.2,"AC",17.4853247110973
95,50,0.4,"TT",14.387281354399
95,80,0.4,"TT",14.2363919974802
95,50,0.4,"AC",22.3477281716299
95,80,0.4,"AC",20.772452414299
55,50,0.2,"TT",17.0546995309955
55,80,0.2,"TT",11.5651455509091
55,50,0.2,"AC",23.3882894279853
55,80,0.2,"AC",17.1604465960921
55,50,0.4,"TT",18.0274028363795
55,80,0.4,"TT",11.6850652045723
55,50,0.4,"AC",22.648801160372
55,80,0.4,"AC",16.4716302414928
95,50,0.2,"TT",16.2052780237012
95,80,0.2,"TT",13.3172192123198
95,50,0.2,"AC",19.7509336798327
95,80,0.2,"AC",19.487454022259
95,50,0.4,"TT",16.1686716573259
95,80,0.4,"TT",12.7605839066151
95,50,0.4,"AC",21.4570304325801
95,80,0.4,"AC",20.4116238109864
55,50,0.2,"TT",18.1135926861688
55,80,0.2,"TT",12.9559103384306
55,50,0.2,"AC",21.6048362442323
55,80,0.2,"AC",16.5724765455436
55,50,0.4,"TT",17.9104321393451
55,80,0.4,"TT",11.7055072546402
55,50,0.4,"AC",22.3013019974093
55,80,0.4,"AC",17.0115655813387
95,50,0.2,"TT",14.8707364565785
95,80,0.2,"TT",15.2413308811886
95,50,0.2,"AC",20.5942650864023
95,80,0.2,"AC",18.7326779086792
95,50,0.4,"TT",16.2504021013423
95,80,0.4,"TT",12.3634655829839
95,50,0.4,"AC",20.6141448393903
95,80,0.4,"AC",19.3160961029971
55,50,0.2,"TT",16.1562813471435
55,80,0.2,"TT",11.3808713745275
55,50,0.2,"AC",23.5023786591271
55,80,0.2,"AC",17.582535950518
55,50,0.4,"TT",19.0734209132333
55,80,0.4,"TT",10.8113206817587
55,50,0.4,"AC",23.9054640901303
55,80,0.4,"AC",16.4871176023661
95,50,0.2,"TT",14.8655911284591
95,80,0.2,"TT",17.9352885637233
95,50,0.2,"AC",21.1037637728258
95,80,0.2,"AC",19.4641782475533
95,50,0.4,"TT",15.0553886931269
95,80,0.4,"TT",14.1382518516367
95,50,0.4,"AC",20.389203667972
95,80,0.4,"AC",20.3980094152323
55,50,0.2,"TT",19.0689852905296
55,80,0.2,"TT",12.2176817068433
55,50,0.2,"AC",20.9939464603381
55,80,0.2,"AC",17.7889707439127
55,50,0.4,"TT",18.1761395156643
55,80,0.4,"TT",12.2135747665601
55,50,0.4,"AC",22.8283010821202
55,80,0.4,"AC",16.1006652763294
95,50,0.2,"TT",15.0288702732915
95,80,0.2,"TT",13.7008882839841
95,50,0.2,"AC",21.6446694044648
95,80,0.2,"AC",18.0216292916828
95,50,0.4,"TT",15.9127298720143
95,80,0.4,"TT",14.303847710613
95,50,0.4,"AC",19.5122802578988
95,80,0.4,"AC",17.8733175474978
55,50,0.2,"TT",17.6486049531469
55,80,0.2,"TT",13.36321446332
55,50,0.2,"AC",24.0869482588449
55,80,0.2,"AC",17.6495962776286
55,50,0.4,"TT",19.302011394986
55,80,0.4,"TT",12.1632223581478
55,50,0.4,"AC",21.5142978449253
55,80,0.4,"AC",15.9801123511931
95,50,0.2,"TT",14.5093211834869
95,80,0.2,"TT",13.1056361086287
95,50,0.2,"AC",20.6075778350422
95,80,0.2,"AC",21.4854007523405
95,50,0.4,"TT",13.7844176084779
95,80,0.4,"TT",13.9111785017592
95,50,0.4,"AC",19.1591731322652
95,80,0.4,"AC",18.5215416834584
55,50,0.2,"TT",17.4178647718056
55,80,0.2,"TT",13.821882424243
55,50,0.2,"AC",23.9265842402345
55,80,0.2,"AC",16.6330921060557
55,50,0.4,"TT",16.5611676994825
55,80,0.4,"TT",10.4605057099458
55,50,0.4,"AC",23.4374463074241
55,80,0.4,"AC",16.6920536185124
95,50,0.2,"TT",14.8646208500172
95,80,0.2,"TT",16.0252087048363
95,50,0.2,"AC",20.3592970040611
95,80,0.2,"AC",17.607507261373
95,50,0.4,"TT",15.8493730232674
95,80,0.4,"TT",14.6159668671571
95,50,0.4,"AC",21.3488632283518
95,80,0.4,"AC",19.8075709482795
55,50,0.2,"TT",18.0055199040259
55,80,0.2,"TT",11.4462107832895
55,50,0.2,"AC",22.4945517613766
55,80,0.2,"AC",15.4088693337107
55,50,0.4,"TT",18.4781520122496
55,80,0.4,"TT",12.6508067360025
55,50,0.4,"AC",23.1753783140739
55,80,0.4,"AC",15.9605449701977
95,50,0.2,"TT",14.3787793263238
95,80,0.2,"TT",14.8519819047172
95,50,0.2,"AC",19.8166528043885
95,80,0.2,"AC",17.8953398277117
95,50,0.4,"TT",16.3660988816434
95,80,0.4,"TT",13.7465967758152
95,50,0.4,"AC",21.0162999641867
95,80,0.4,"AC",20.5381996689112
55,50,0.2,"TT",17.3468813144631
55,80,0.2,"TT",12.8138784018635
55,50,0.2,"AC",23.1509316099352
55,80,0.2,"AC",15.5910265911741
55,50,0.4,"TT",19.1030675476056
55,80,0.4,"TT",11.6015880170237
55,50,0.4,"AC",23.5090398038755
55,80,0.4,"AC",16.8167055584807
95,50,0.2,"TT",15.291276185655
95,80,0.2,"TT",15.2204886853069
95,50,0.2,"AC",19.7935840839806
95,80,0.2,"AC",18.5744544709092
95,50,0.4,"TT",16.0719130138204
95,80,0.4,"TT",14.7002665698538
95,50,0.4,"AC",22.2595446962762
95,80,0.4,"AC",17.7167059543225
55,50,0.2,"TT",17.7632429682641
55,80,0.2,"TT",11.4725294054574
55,50,0.2,"AC",23.802580776015
55,80,0.2,"AC",17.1793121296908
55,50,0.4,"TT",17.2826916561097
55,80,0.4,"TT",10.8307007804388
55,50,0.4,"AC",23.0051235541607
55,80,0.4,"AC",17.2230193292461
95,50,0.2,"TT",16.0553801086426
95,80,0.2,"TT",14.564303025893
95,50,0.2,"AC",19.9986623052893
95,80,0.2,"AC",18.6921137055536
95,50,0.4,"TT",16.2024490218679
95,80,0.4,"TT",14.8651453659498
95,50,0.4,"AC",21.6895538006587
95,80,0.4,"AC",19.4454006024744
55,50,0.2,"TT",18.1102420356934
55,80,0.2,"TT",10.5088872632778
55,50,0.2,"AC",22.7634813728334
55,80,0.2,"AC",15.9631591682232
55,50,0.4,"TT",17.0518530949552
55,80,0.4,"TT",11.8707955735322
55,50,0.4,"AC",22.824679406205
55,80,0.4,"AC",15.9222565261745
95,50,0.2,"TT",14.5806231009872
95,80,0.2,"TT",13.4566162125311
95,50,0.2,"AC",20.1287214272066
95,80,0.2,"AC",19.1767965629947
95,50,0.4,"TT",17.5204903282706
95,80,0.4,"TT",15.7875820176741
95,50,0.4,"AC",20.3269578218936
95,80,0.4,"AC",19.4330349788376
55,50,0.2,"TT",18.0838277692849
55,80,0.2,"TT",10.830126156443
55,50,0.2,"AC",22.810309528477
55,80,0.2,"AC",14.3757341335419
55,50,0.4,"TT",18.9766929189915
55,80,0.4,"TT",11.9243550243917
55,50,0.4,"AC",22.0608224975412
55,80,0.4,"AC",15.9744157409436
95,50,0.2,"TT",15.1353613743243
95,80,0.2,"TT",14.2552066123748
95,50,0.2,"AC",20.2105407295247
95,80,0.2,"AC",18.9217228666715
95,50,0.4,"TT",14.7843275227519
95,80,0.4,"TT",14.5057234159362
95,50,0.4,"AC",21.0833457122342
95,80,0.4,"AC",19.5632732668058
55,50,0.2,"TT",17.6011859169204
55,80,0.2,"TT",13.3745388320731
55,50,0.2,"AC",22.6047446468036
55,80,0.2,"AC",15.2673461126898
55,50,0.4,"TT",17.7954923256904
55,80,0.4,"TT",10.8676052535941
55,50,0.4,"AC",22.1957798118827
55,80,0.4,"AC",15.0061948418967
95,50,0.2,"TT",16.1873458935293
95,80,0.2,"TT",14.5734602720365
95,50,0.2,"AC",20.2064096536288
95,80,0.2,"AC",19.79002798497
95,50,0.4,"TT",15.7817833204767
95,80,0.4,"TT",15.7670166722339
95,50,0.4,"AC",20.2447562584988
95,80,0.4,"AC",19.3330964283
55,50,0.2,"TT",17.151278914336
55,80,0.2,"TT",12.6670217205867
55,50,0.2,"AC",22.8208787408809
55,80,0.2,"AC",16.8232900347827
55,50,0.4,"TT",18.7169987531221
55,80,0.4,"TT",11.7982800413103
55,50,0.4,"AC",21.8524071947275
55,80,0.4,"AC",16.8171274300998
95,50,0.2,"TT",15.3339182643159
95,80,0.2,"TT",14.2017227586801
95,50,0.2,"AC",19.0606811509024
95,80,0.2,"AC",19.4435139778864
95,50,0.4,"TT",14.1035598046735
95,80,0.4,"TT",15.6062598639431
95,50,0.4,"AC",20.4867267411757
95,80,0.4,"AC",19.9951279090455
55,50,0.2,"TT",17.3842854539209
55,80,0.2,"TT",12.4990147282411
55,50,0.2,"AC",22.4145919134348
55,80,0.2,"AC",17.3905945206968
55,50,0.4,"TT",18.4088263143088
55,80,0.4,"TT",12.5834192669774
55,50,0.4,"AC",21.3199739477955
55,80,0.4,"AC",15.773383525792
95,50,0.2,"TT",16.0705137732046
95,80,0.2,"TT",13.4789243050372
95,50,0.2,"AC",22.6331409143952
95,80,0.2,"AC",19.4081939190539
95,50,0.4,"TT",15.30915344109
95,80,0.4,"TT",14.5073570302529
95,50,0.4,"AC",20.6022872383526
95,80,0.4,"AC",19.4129978925886
55,50,0.2,"TT",17.8289603891719
55,80,0.2,"TT",13.04953792925
55,50,0.2,"AC",21.5879147493287
55,80,0.2,"AC",15.896535259786
55,50,0.4,"TT",19.8967834873793
55,80,0.4,"TT",11.6502603645682
55,50,0.4,"AC",23.4879673690852
55,80,0.4,"AC",18.075380080365
95,50,0.2,"TT",15.9211245087732
95,80,0.2,"TT",13.0941045197592
95,50,0.2,"AC",21.6821259578068
95,80,0.2,"AC",19.4528683375114
95,50,0.4,"TT",15.228106452442
95,80,0.4,"TT",13.9172270692293
95,50,0.4,"AC",20.2573541667099
95,80,0.4,"AC",21.0356895633514
55,50,0.2,"TT",17.2373211381378
55,80,0.2,"TT",10.6967929147856
55,50,0.2,"AC",22.0720189122553
55,80,0.2,"AC",17.4829656756208
55,50,0.4,"TT",17.9652229957869
55,80,0.4,"TT",13.1948140919829
55,50,0.4,"AC",23.1948837626699
55,80,0.4,"AC",15.0860352857212
95,50,0.2,"TT",14.9851692266336
95,80,0.2,"TT",15.2220097486077
95,50,0.2,"AC",21.3211694219439
95,80,0.2,"AC",18.9984987752757
95,50,0.4,"TT",14.676886283774
95,80,0.4,"TT",15.7770226441764
95,50,0.4,"AC",20.7611015086055
95,80,0.4,"AC",19.1100502908846
55,50,0.2,"TT",17.4694855469954
55,80,0.2,"TT",10.0736405011562
55,50,0.2,"AC",21.2979180988136
55,80,0.2,"AC",16.0502888612179
55,50,0.4,"TT",18.5373170026991
55,80,0.4,"TT",11.6126941058443
55,50,0.4,"AC",22.1671070765555
55,80,0.4,"AC",16.1329025311618
95,50,0.2,"TT",15.2656550707525
95,80,0.2,"TT",13.9069520296396
95,50,0.2,"AC",21.6768815582267
95,80,0.2,"AC",19.7742123713708
95,50,0.4,"TT",14.524749128106
95,80,0.4,"TT",13.8982684233659
95,50,0.4,"AC",18.1557892045902
95,80,0.4,"AC",20.2050949543948
55,50,0.2,"TT",17.1515177682936
55,80,0.2,"TT",11.9114699742341
55,50,0.2,"AC",22.354157948258
55,80,0.2,"AC",16.2523367032902
55,50,0.4,"TT",16.8792706842503
55,80,0.4,"TT",11.9060965440268
55,50,0.4,"AC",22.4707603785
55,80,0.4,"AC",15.4012762394125
95,50,0.2,"TT",14.6425587517659
95,80,0.2,"TT",13.6432968498672
95,50,0.2,"AC",19.3329817906901
95,80,0.2,"AC",20.6859669315094
95,50,0.4,"TT",15.7509634684405
95,80,0.4,"TT",14.4656024593053
95,50,0.4,"AC",21.0581749723391
95,80,0.4,"AC",19.0175338057696
55,50,0.2,"TT",17.9984377943837
55,80,0.2,"TT",10.1038997133886
55,50,0.2,"AC",22.190886574084
55,80,0.2,"AC",14.5087083767033
55,50,0.4,"TT",17.3624185916372
55,80,0.4,"TT",12.5307211825967
55,50,0.4,"AC",20.9798750809166
55,80,0.4,"AC",17.9055354259128
95,50,0.2,"TT",15.5375461811174
95,80,0.2,"TT",15.0907487203899
95,50,0.2,"AC",20.3376790306875
95,80,0.2,"AC",21.4264477257965
95,50,0.4,"TT",17.9475333046299
95,80,0.4,"TT",14.2844585326406
95,50,0.4,"AC",20.2725774993532
95,80,0.4,"AC",19.570979734239
55,50,0.2,"TT",17.2701842638674
55,80,0.2,"TT",11.550503365438
55,50,0.2,"AC",24.358475808814
55,80,0.2,"AC",18.0465312629262
55,50,0.4,"TT",19.0775201413698
55,80,0.4,"TT",12.4687394831054
55,50,0.4,"AC",22.1126734269674
55,80,0.4,"AC",15.1270461213303
95,50,0.2,"TT",16.1406894928063
95,80,0.2,"TT",15.941453572994
95,50,0.2,"AC",20.5167066745987
95,80,0.2,"AC",19.464199608452
95,50,0.4,"TT",15.3316969519227
95,80,0.4,"TT",14.5291643283753
95,50,0.4,"AC",19.5476229415615
95,80,0.4,"AC",20.7378506260548
55,50,0.2,"TT",18.0580882098339
55,80,0.2,"TT",10.7084760509456
55,50,0.2,"AC",22.1290694840595
55,80,0.2,"AC",16.6722167135431
55,50,0.4,"TT",16.9690896777266
55,80,0.4,"TT",11.1346137935947
55,50,0.4,"AC",21.7996770193217
55,80,0.4,"AC",18.0771292548087
95,50,0.2,"TT",14.3341429074357
95,80,0.2,"TT",14.8855468155931
95,50,0.2,"AC",21.2364766028727
95,80,0.2,"AC",19.6173676017883
95,50,0.4,"TT",14.7807807429806
95,80,0.4,"TT",14.4823441453108
95,50,0.4,"AC",19.7645444952518
95,80,0.4,"AC",19.8938448185915
55,50,0.2,"TT",17.7250252132275
55,80,0.2,"TT",11.1714612479016
55,50,0.2,"AC",24.0221123630037
55,80,0.2,"AC",15.0847772518845
55,50,0.4,"TT",18.0005814850911
55,80,0.4,"TT",13.5272837582704
55,50,0.4,"AC",23.8483301225897
55,80,0.4,"AC",15.933446957341
95,50,0.2,"TT",16.8782049999336
95,80,0.2,"TT",14.1809862819172
95,50,0.2,"AC",21.112414913386
95,80,0.2,"AC",19.0041495993328
95,50,0.4,"TT",16.6321175549424
95,80,0.4,"TT",13.9930104075365
95,50,0.4,"AC",20.283769915656
95,80,0.4,"AC",19.5781877730948
55,50,0.2,"TT",18.2308818808717
55,80,0.2,"TT",13.1176800086175
55,50,0.2,"AC",21.3237988276115
55,80,0.2,"AC",14.4799255862879
55,50,0.4,"TT",16.9005150928742
55,80,0.4,"TT",12.0823951847748
55,50,0.4,"AC",23.5122009592831
55,80,0.4,"AC",17.3610004152851
95,50,0.2,"TT",14.6712658268469
95,80,0.2,"TT",16.5424309708514
95,50,0.2,"AC",20.0174991273444
95,80,0.2,"AC",20.3057934137321
95,50,0.4,"TT",15.9474583748867
95,80,0.4,"TT",16.2944168425798
95,50,0.4,"AC",22.6279271081506
95,80,0.4,"AC",18.9348190694579
55,50,0.2,"TT",17.8559530950406
55,80,0.2,"TT",11.3613421384562
55,50,0.2,"AC",24.2968070888645
55,80,0.2,"AC",15.5635472949386
55,50,0.4,"TT",18.7359457026096
55,80,0.4,"TT",13.3072560748189
55,50,0.4,"AC",23.725351689256
55,80,0.4,"AC",17.2182838681718
95,50,0.2,"TT",16.6512681067285
95,80,0.2,"TT",14.827543442906
95,50,0.2,"AC",20.0322247075597
95,80,0.2,"AC",20.9401941781059
95,50,0.4,"TT",16.4776032376022
95,80,0.4,"TT",15.351020520027
95,50,0.4,"AC",20.8701871500365
95,80,0.4,"AC",19.5530434892378
55,50,0.2,"TT",18.0603898118011
55,80,0.2,"TT",13.9933095480723
55,50,0.2,"AC",22.3875197859034
55,80,0.2,"AC",16.8373103915714
55,50,0.4,"TT",16.0990583891294
55,80,0.4,"TT",12.3133761572414
55,50,0.4,"AC",24.0741470335592
55,80,0.4,"AC",16.9367352823417
95,50,0.2,"TT",15.7841679887537
95,80,0.2,"TT",13.5313721039433
95,50,0.2,"AC",19.9787825476494
95,80,0.2,"AC",21.1839002675599
95,50,0.4,"TT",15.4030118211264
95,80,0.4,"TT",13.6402788121193
95,50,0.4,"AC",21.6200069530777
95,80,0.4,"AC",19.8856125788691
55,50,0.2,"TT",17.0958980589122
55,80,0.2,"TT",13.3335869511611
55,50,0.2,"AC",21.7383665577263
55,80,0.2,"AC",17.099036564534
55,50,0.4,"TT",16.2618499350706
55,80,0.4,"TT",10.8369071423294
55,50,0.4,"AC",23.1537014365483
55,80,0.4,"AC",17.8791971544579
95,50,0.2,"TT",14.6749659000287
95,80,0.2,"TT",14.1962658483471
95,50,0.2,"AC",19.7958967372891
95,80,0.2,"AC",19.9251586599879
95,50,0.4,"TT",13.0835966003083
95,80,0.4,"TT",14.7789798564011
95,50,0.4,"AC",21.1669996961912
95,80,0.4,"AC",20.6264951046416
55,50,0.2,"TT",19.0756342397248
55,80,0.2,"TT",12.8210139487427
55,50,0.2,"AC",22.6676682368576
55,80,0.2,"AC",17.9368199020521
55,50,0.4,"TT",17.9109771496978
55,80,0.4,"TT",12.6311510219728
55,50,0.4,"AC",20.5211233249017
55,80,0.4,"AC",18.655514579171
95,50,0.2,"TT",14.7172300340723
95,80,0.2,"TT",15.8767465008347
95,50,0.2,"AC",20.2047240301228
95,80,0.2,"AC",20.4811218579326
95,50,0.4,"TT",14.2964539559527
95,80,0.4,"TT",15.9816371467522
95,50,0.4,"AC",20.2334252353013
95,80,0.4,"AC",20.1493552834811
55,50,0.2,"TT",17.0623950923587
55,80,0.2,"TT",12.2070842743647
55,50,0.2,"AC",22.1763311833873
55,80,0.2,"AC",14.7559880968455
55,50,0.4,"TT",18.5142314174653
55,80,0.4,"TT",14.006056665803
55,50,0.4,"AC",22.9841064846154
55,80,0.4,"AC",16.9466853929487
95,50,0.2,"TT",13.0765932240915
95,80,0.2,"TT",12.9854766418426
95,50,0.2,"AC",20.5600672541164
95,80,0.2,"AC",20.7801093405592
95,50,0.4,"TT",14.6415159578274
95,80,0.4,"TT",14.722940555851
95,50,0.4,"AC",19.6547248125366
95,80,0.4,"AC",19.7982891825401
55,50,0.2,"TT",16.4634518516338
55,80,0.2,"TT",11.9845657525581
55,50,0.2,"AC",23.7530108944561
55,80,0.2,"AC",17.5418991570723
55,50,0.4,"TT",17.20284729394
55,80,0.4,"TT",13.7223163761044
55,50,0.4,"AC",22.4338209599816
55,80,0.4,"AC",15.5934324069405
95,50,0.2,"TT",15.9828838702962
95,80,0.2,"TT",15.0568927473105
95,50,0.2,"AC",21.2365086663814
95,80,0.2,"AC",20.5017081480257
95,50,0.4,"TT",14.1899338638521
95,80,0.4,"TT",14.5162052666542
95,50,0.4,"AC",21.0779451383279
95,80,0.4,"AC",20.5999960061751
55,50,0.2,"TT",17.1642390323912
55,80,0.2,"TT",11.0943832261455
55,50,0.2,"AC",21.0319978627232
55,80,0.2,"AC",17.7444526114469
55,50,0.4,"TT",17.2654461931969
55,80,0.4,"TT",11.6180954374318
55,50,0.4,"AC",21.1900806432818
55,80,0.4,"AC",15.3454479255034
95,50,0.2,"TT",15.2115030346604
95,80,0.2,"TT",13.2910679699471
95,50,0.2,"AC",21.9670536383205
95,80,0.2,"AC",19.9041051124098
95,50,0.4,"TT",17.0918257051379
95,80,0.4,"TT",13.4247252420373
95,50,0.4,"AC",19.7822886052734
95,80,0.4,"AC",19.7716558034494
55,50,0.2,"TT",19.8282454593434
55,80,0.2,"TT",10.6664358185485
55,50,0.2,"AC",23.1917406022061
55,80,0.2,"AC",15.7334687238965
55,50,0.4,"TT",17.578941963627
55,80,0.4,"TT",12.8542830708716
55,50,0.4,"AC",23.5692663851494
55,80,0.4,"AC",18.3512366567879
95,50,0.2,"TT",16.8020853864315
95,80,0.2,"TT",13.3911333264717
95,50,0.2,"AC",19.1487338681233
95,80,0.2,"AC",19.25221009141
95,50,0.4,"TT",14.5572767045399
95,80,0.4,"TT",14.3071651065937
95,50,0.4,"AC",21.4092421128381
95,80,0.4,"AC",19.3314703954911
55,50,0.2,"TT",19.0504781960026
55,80,0.2,"TT",11.6259558692158
55,50,0.2,"AC",23.0120948749845
55,80,0.2,"AC",16.9774169608218
55,50,0.4,"TT",17.68919458846
55,80,0.4,"TT",10.9074877444511
55,50,0.4,"AC",20.5191765120072
55,80,0.4,"AC",17.0744764465522
95,50,0.2,"TT",14.91749044516
95,80,0.2,"TT",14.6934569156403
95,50,0.2,"AC",20.5296552757845
95,80,0.2,"AC",18.4989652741038
95,50,0.4,"TT",15.9974202742342
95,80,0.4,"TT",13.1394303788018
95,50,0.4,"AC",20.7298916805581
95,80,0.4,"AC",18.7810506324768
55,50,0.2,"TT",19.351519240226
55,80,0.2,"TT",11.1019116448395
55,50,0.2,"AC",23.1316128007422
55,80,0.2,"AC",16.2886944614016
55,50,0.4,"TT",17.7726618133927
55,80,0.4,"TT",12.1917229425395
55,50,0.4,"AC",23.1767209287617
55,80,0.4,"AC",17.9889171347684
95,50,0.2,"TT",15.8513558605699
95,80,0.2,"TT",14.4819180148636
95,50,0.2,"AC",20.7366643409733
95,80,0.2,"AC",19.9062252368997
95,50,0.4,"TT",16.3452668865865
95,80,0.4,"TT",13.4336946911782
95,50,0.4,"AC",20.2554904926364
95,80,0.4,"AC",19.3527497767351
55,50,0.2,"TT",17.0248715641794
55,80,0.2,"TT",14.0815659806433
55,50,0.2,"AC",22.5788843143906
55,80,0.2,"AC",18.6519205755557
55,50,0.4,"TT",18.7728520279471
55,80,0.4,"TT",13.1926273456232
55,50,0.4,"AC",22.2779344055439
55,80,0.4,"AC",14.4838293931669
95,50,0.2,"TT",15.8220303887373
95,80,0.2,"TT",14.1361112699239
95,50,0.2,"AC",22.4433324237819
95,80,0.2,"AC",21.639322304125
95,50,0.4,"TT",15.2466417886212
95,80,0.4,"TT",14.3453238250512
95,50,0.4,"AC",18.2021437482444
95,80,0.4,"AC",22.532188245736
55,50,0.2,"TT",16.1901109371021
55,80,0.2,"TT",11.7814527381351
55,50,0.2,"AC",22.3412842419055
55,80,0.2,"AC",17.8312785807226
55,50,0.4,"TT",18.4240085100232
55,80,0.4,"TT",13.1926007247213
55,50,0.4,"AC",22.6128827663912
55,80,0.4,"AC",16.3738678672192
95,50,0.2,"TT",15.0004153636117
95,80,0.2,"TT",15.1879157169767
95,50,0.2,"AC",19.2448802394668
95,80,0.2,"AC",17.8480763152389
95,50,0.4,"TT",15.6295867480262
95,80,0.4,"TT",14.6714686847085
95,50,0.4,"AC",20.4612481248873
95,80,0.4,"AC",20.7810764302247
55,50,0.2,"TT",17.7691873500123
55,80,0.2,"TT",12.2965103127789
55,50,0.2,"AC",22.1186668004124
55,80,0.2,"AC",17.4227695221672
55,50,0.4,"TT",18.057834439554
55,80,0.4,"TT",12.1974659640424
55,50,0.4,"AC",22.1937534830049
55,80,0.4,"AC",15.751184780278
95,50,0.2,"TT",17.1363062688756
95,80,0.2,"TT",13.9599799227452
95,50,0.2,"AC",18.662457573791
95,80,0.2,"AC",18.2426212933707
95,50,0.4,"TT",14.572726450436
95,80,0.4,"TT",13.9543560084082
95,50,0.4,"AC",19.5326569200202
95,80,0.4,"AC",20.0127297260173
55,50,0.2,"TT",16.9178859869814
55,80,0.2,"TT",12.1681301990871
55,50,0.2,"AC",21.2327318486525
55,80,0.2,"AC",16.8445800259558
55,50,0.4,"TT",18.6811507944798
55,80,0.4,"TT",10.9182361257304
55,50,0.4,"AC",23.6103789560646
55,80,0.4,"AC",15.9994316807737
95,50,0.2,"TT",15.3226932190845
95,80,0.2,"TT",14.5493094644593
95,50,0.2,"AC",21.2457032835547
95,80,0.2,"AC",21.302560232063
95,50,0.4,"TT",17.4594414394486
95,80,0.4,"TT",14.5959534544646
95,50,0.4,"AC",20.7233576796943
95,80,0.4,"AC",19.2258349264285
55,50,0.2,"TT",17.1688728108753
55,80,0.2,"TT",12.2223598539937
55,50,0.2,"AC",22.4078101001077
55,80,0.2,"AC",17.1211230550562
55,50,0.4,"TT",16.9077025071162
55,80,0.4,"TT",12.4311472740824
55,50,0.4,"AC",22.8843643494454
55,80,0.4,"AC",16.4582810884255
95,50,0.2,"TT",13.9114436747594
95,80,0.2,"TT",14.3786807841079
95,50,0.2,"AC",19.2935462887497
95,80,0.2,"AC",19.4926448217347
95,50,0.4,"TT",16.5653267434979
95,80,0.4,"TT",15.2463485673377
95,50,0.4,"AC",20.6827812557554
95,80,0.4,"AC",20.2029475237862
55,50,0.2,"TT",14.5509164016396
55,80,0.2,"TT",11.3108709847084
55,50,0.2,"AC",23.376925067294
55,80,0.2,"AC",16.0630337092043
55,50,0.4,"TT",17.5484587264789
55,80,0.4,"TT",12.8901852918497
55,50,0.4,"AC",23.2790398268546
55,80,0.4,"AC",18.2483230978078
95,50,0.2,"TT",13.9829723195217
95,80,0.2,"TT",14.0342175764372
95,50,0.2,"AC",19.195220773386
95,80,0.2,"AC",18.672028977953
95,50,0.4,"TT",15.5924260053358
95,80,0.4,"TT",13.5329737606895
95,50,0.4,"AC",19.0228829536486
95,80,0.4,"AC",21.4842798362443
55,50,0.2,"TT",16.2753325225348
55,80,0.2,"TT",11.8644890438283
55,50,0.2,"AC",21.0402182402141
55,80,0.2,"AC",16.7005031005695
55,50,0.4,"TT",15.8921750639385
55,80,0.4,"TT",10.8649430032129
55,50,0.4,"AC",21.9359050944058
55,80,0.4,"AC",15.8571190335486
95,50,0.2,"TT",14.8127583168863
95,80,0.2,"TT",14.6810495698286
95,50,0.2,"AC",21.5791493439955
95,80,0.2,"AC",18.6300254753517
95,50,0.4,"TT",15.638448827835
95,80,0.4,"TT",16.233594510267
95,50,0.4,"AC",21.056890326269
95,80,0.4,"AC",21.5656961858622
55,50,0.2,"TT",17.1855312541238
55,80,0.2,"TT",14.6987678296628
55,50,0.2,"AC",22.5693815811005
55,80,0.2,"AC",16.4423549267359
55,50,0.4,"TT",18.0193396536943
55,80,0.4,"TT",13.636382965799
55,50,0.4,"AC",22.6318661180072
55,80,0.4,"AC",15.4182367587326
95,50,0.2,"TT",16.2194951570117
95,80,0.2,"TT",13.9181031095246
95,50,0.2,"AC",20.4867058188194
95,80,0.2,"AC",21.40733830084
95,50,0.4,"TT",15.1971424683208
95,80,0.4,"TT",14.3411235625085
95,50,0.4,"AC",20.2129657373734
95,80,0.4,"AC",20.1212081962496
55,50,0.2,"TT",18.2624011064093
55,80,0.2,"TT",10.9472858899004
55,50,0.2,"AC",22.0721828322477
55,80,0.2,"AC",17.324852162851
55,50,0.4,"TT",16.5581864377858
55,80,0.4,"TT",11.9554188406878
55,50,0.4,"AC",23.9869878158599
55,80,0.4,"AC",16.3581628855414
95,50,0.2,"TT",16.787722636012
95,80,0.2,"TT",14.1803745622149
95,50,0.2,"AC",18.9631991670983
95,80,0.2,"AC",18.1465625925951
95,50,0.4,"TT",15.5510256706997
95,80,0.4,"TT",14.9934796133464
95,50,0.4,"AC",20.6389662769336
95,80,0.4,"AC",19.7592470123541
55,50,0.2,"TT",17.2847061825461
55,80,0.2,"TT",12.0901330231357
55,50,0.2,"AC",20.9605200831299
55,80,0.2,"AC",17.3884807056953
55,50,0.4,"TT",16.0211225640912
55,80,0.4,"TT",11.6341697149121
55,50,0.4,"AC",22.0137071834447
55,80,0.4,"AC",17.9330861652105
95,50,0.2,"TT",15.9296082787203
95,80,0.2,"TT",13.5709632721184
95,50,0.2,"AC",19.7391903403286
95,80,0.2,"AC",19.0420100072055
95,50,0.4,"TT",14.829230259731
95,80,0.4,"TT",14.8423017342402
95,50,0.4,"AC",21.0417306008188
95,80,0.4,"AC",20.2841849925045
55,50,0.2,"TT",17.6356570834758
55,80,0.2,"TT",10.7749637268209
55,50,0.2,"AC",21.7075788785838
55,80,0.2,"AC",17.8980671465405
55,50,0.4,"TT",18.4707841131083
55,80,0.4,"TT",10.9141173042495
55,50,0.4,"AC",21.3739621668637
55,80,0.4,"AC",19.1063521645581
95,50,0.2,"TT",15.5922396952504
95,80,0.2,"TT",15.1519392854948
95,50,0.2,"AC",19.3840164803136
95,80,0.2,"AC",18.1109460584163
95,50,0.4,"TT",16.2823688578737
95,80,0.4,"TT",14.7917136065166
95,50,0.4,"AC",20.1687479340802
95,80,0.4,"AC",17.5641492577342
55,50,0.2,"TT",16.3298863125252
55,80,0.2,"TT",12.290651613626
55,50,0.2,"AC",22.179151914711
55,80,0.2,"AC",18.029531412938
55,50,0.4,"TT",17.6782831038065
55,80,0.4,"TT",11.1724910795095
55,50,0.4,"AC",23.572478252373
55,80,0.4,"AC",16.9540917235218
95,50,0.2,"TT",13.5987552146136
95,80,0.2,"TT",14.0728249771999
95,50,0.2,"AC",20.9771968957558
95,80,0.2,"AC",17.5816363101264
95,50,0.4,"TT",16.5278993469547
95,80,0.4,"TT",15.2595629946569
95,50,0.4,"AC",20.1800028790393
95,80,0.4,"AC",19.3238712621448
55,50,0.2,"TT",17.7677638467414
55,80,0.2,"TT",12.1459282898872
55,50,0.2,"AC",22.0061466166017
55,80,0.2,"AC",16.6529186715294
55,50,0.4,"TT",17.148593834068
55,80,0.4,"TT",11.5985062981156
55,50,0.4,"AC",20.5347529655046
55,80,0.4,"AC",17.0663792255061
95,50,0.2,"TT",14.3835129305205
95,80,0.2,"TT",12.4925854972925
95,50,0.2,"AC",18.9930094044616
95,80,0.2,"AC",20.9597342149389
95,50,0.4,"TT",16.7867174954779
95,80,0.4,"TT",14.1251189723199
95,50,0.4,"AC",19.4585314493048
95,80,0.4,"AC",18.7577721470496
55,50,0.2,"TT",18.0578467458305
55,80,0.2,"TT",10.5050648027144
55,50,0.2,"AC",22.4691368182407
55,80,0.2,"AC",17.8426892880498
55,50,0.4,"TT",17.4541466124828
55,80,0.4,"TT",13.1647161742609
55,50,0.4,"AC",22.7860875939345
55,80,0.4,"AC",15.6808562799506
95,50,0.2,"TT",15.4217582779674
95,80,0.2,"TT",14.4003661616044
95,50,0.2,"AC",21.6007854233715
95,80,0.2,"AC",19.041238985365
95,50,0.4,"TT",15.1780325474818
95,80,0.4,"TT",14.1832247180953
95,50,0.4,"AC",20.4274464064057
95,80,0.4,"AC",19.865236790328
55,50,0.2,"TT",16.0834258875337
55,80,0.2,"TT",13.1934874304236
55,50,0.2,"AC",21.721380803274
55,80,0.2,"AC",17.0506013711205
55,50,0.4,"TT",17.3954647044742
55,80,0.4,"TT",10.899756721155
55,50,0.4,"AC",21.7093327749014
55,80,0.4,"AC",15.9282618863584
95,50,0.2,"TT",16.3746096570892
95,80,0.2,"TT",15.86635383564
95,50,0.2,"AC",20.6857832491377
95,80,0.2,"AC",20.6049177036405
95,50,0.4,"TT",17.6985522833094
95,80,0.4,"TT",14.6425275291858
95,50,0.4,"AC",21.6723088864792
95,80,0.4,"AC",20.9304949790054
55,50,0.2,"TT",17.4446597607774
55,80,0.2,"TT",11.9745504833378
55,50,0.2,"AC",22.4959341673485
55,80,0.2,"AC",15.8324985348144
55,50,0.4,"TT",17.0649416289101
55,80,0.4,"TT",13.7736717475544
55,50,0.4,"AC",22.7502635612637
55,80,0.4,"AC",15.9774860728627
95,50,0.2,"TT",14.7527446080287
95,80,0.2,"TT",14.9685797102186
95,50,0.2,"AC",21.8225604466178
95,80,0.2,"AC",20.5022438276025
95,50,0.4,"TT",16.0238877032482
95,80,0.4,"TT",12.4837642466965
95,50,0.4,"AC",18.6929993634683
95,80,0.4,"AC",18.5860049573913
55,50,0.2,"TT",17.92822324275
55,80,0.2,"TT",11.2694069626139
55,50,0.2,"AC",22.2933370880207
55,80,0.2,"AC",16.0588319986129
55,50,0.4,"TT",17.5017398677023
55,80,0.4,"TT",11.8336871750915
55,50,0.4,"AC",23.4851607194228
55,80,0.4,"AC",17.6652219871451
95,50,0.2,"TT",16.4423692887778
95,80,0.2,"TT",13.6357940860336
95,50,0.2,"AC",20.2596776856119
95,80,0.2,"AC",19.6842567796953
95,50,0.4,"TT",15.7818263522932
95,80,0.4,"TT",17.318170658333
95,50,0.4,"AC",20.4890445186919
95,80,0.4,"AC",19.840918409846
55,50,0.2,"TT",17.5868893071336
55,80,0.2,"TT",12.5832893065023
55,50,0.2,"AC",20.3574206760349
55,80,0.2,"AC",16.1198885757928
55,50,0.4,"TT",16.0203329795456
55,80,0.4,"TT",11.1014814229384
55,50,0.4,"AC",21.2346818544093
55,80,0.4,"AC",16.9737151350465
95,50,0.2,"TT",14.5797307332359
95,80,0.2,"TT",16.6863654497059
95,50,0.2,"AC",19.2710557778881
95,80,0.2,"AC",20.4274751878937
95,50,0.4,"TT",14.5864068681365
95,80,0.4,"TT",14.3431981125202
95,50,0.4,"AC",19.4292471826946
95,80,0.4,"AC",19.8207079224702
