,PrevLength,MatchScore,TileSize,PrevType,BrowseTime
0,55,50,0.2,TT,16.5798226251911
1,55,80,0.2,TT,10.7636161463139
2,55,50,0.2,AC,23.2640874242264
3,55,80,0.2,AC,15.9918069332991
4,55,50,0.4,TT,17.0322019108754
5,55,80,0.4,TT,11.0221944636033
6,55,50,0.4,AC,21.5216003248586
7,55,80,0.4,AC,16.9845161237095
8,95,50,0.2,TT,14.1261119496119
9,95,80,0.2,TT,15.3758498786717
10,95,50,0.2,AC,20.7137535592225
11,95,80,0.2,AC,21.0157873792273
12,95,50,0.4,TT,14.305211748831
13,95,80,0.4,TT,16.2416334059937
14,95,50,0.4,AC,20.0121317240387
15,95,80,0.4,AC,18.8498872432663
16,55,50,0.2,TT,16.4014899512776
17,55,80,0.2,TT,11.238494858
18,55,50,0.2,AC,23.672678345047
19,55,80,0.2,AC,16.9348943036302
20,55,50,0.4,TT,17.3732367585859
21,55,80,0.4,TT,11.0890397787279
22,55,50,0.4,AC,22.5245870764145
23,55,80,0.4,AC,17.6260118853798
24,95,50,0.2,TT,15.8115045008671
25,95,80,0.2,TT,13.1116120609162
26,95,50,0.2,AC,18.4093912722604
27,95,80,0.2,AC,18.6423343943736
28,95,50,0.4,TT,14.8898471372762
29,95,80,0.4,TT,14.7359271246602
30,95,50,0.4,AC,21.5477734975865
31,95,80,0.4,AC,17.866016239423
32,55,50,0.2,TT,18.1703877472225
33,55,80,0.2,TT,10.6753583461668
34,55,50,0.2,AC,23.0140516649685
35,55,80,0.2,AC,16.1389189949618
36,55,50,0.4,TT,17.5403737804205
37,55,80,0.4,TT,10.5027516753284
38,55,50,0.4,AC,22.3057376559531
39,55,80,0.4,AC,17.1215703978094
40,95,50,0.2,TT,13.7315492162816
41,95,80,0.2,TT,15.1101347176644
42,95,50,0.2,AC,20.3428239711569
43,95,80,0.2,AC,18.5628391573772
44,95,50,0.4,TT,16.2352293634924
45,95,80,0.4,TT,15.6524158761014
46,95,50,0.4,AC,21.167644307359
47,95,80,0.4,AC,18.8921827086766
48,55,50,0.2,TT,16.1710719479197
49,55,80,0.2,TT,11.0681285886593
50,55,50,0.2,AC,23.056558051292
51,55,80,0.2,AC,16.6078524690231
52,55,50,0.4,TT,16.698838576472
53,55,80,0.4,TT,11.5895583758796
54,55,50,0.4,AC,21.3380274668679
55,55,80,0.4,AC,17.7883849958314
56,95,50,0.2,TT,16.1889142955684
57,95,80,0.2,TT,13.1309424647002
58,95,50,0.2,AC,21.0408796160124
59,95,80,0.2,AC,20.4502786745584
60,95,50,0.4,TT,16.2189188607658
61,95,80,0.4,TT,16.2701551837047
62,95,50,0.4,AC,20.525146724785
63,95,80,0.4,AC,18.7157635752117
64,55,50,0.2,TT,15.7671043347399
65,55,80,0.2,TT,13.1489259272775
66,55,50,0.2,AC,22.2774120194059
67,55,80,0.2,AC,16.4987191151306
68,55,50,0.4,TT,16.3876912377634
69,55,80,0.4,TT,13.0818037676676
70,55,50,0.4,AC,20.7042193798802
71,55,80,0.4,AC,17.6478761734433
72,95,50,0.2,TT,14.6305487481345
73,95,80,0.2,TT,15.0202297750593
74,95,50,0.2,AC,19.3525906015654
75,95,80,0.2,AC,19.9797876067609
76,95,50,0.4,TT,14.8294948124366
77,95,80,0.4,TT,15.5510892787441
78,95,50,0.4,AC,20.2892044638218
79,95,80,0.4,AC,18.7716705629981
80,55,50,0.2,TT,18.4720492528641
81,55,80,0.2,TT,9.3370219500897
82,55,50,0.2,AC,23.2293405783021
83,55,80,0.2,AC,16.8041032261762
84,55,50,0.4,TT,19.1932379418105
85,55,80,0.4,TT,12.7470866487013
86,55,50,0.4,AC,23.1684230743216
87,55,80,0.4,AC,16.2419319977353
88,95,50,0.2,TT,15.9241122811743
89,95,80,0.2,TT,15.1976042329146
90,95,50,0.2,AC,20.2672498628481
91,95,80,0.2,AC,19.3410416775243
92,95,50,0.4,TT,15.6668091389773
93,95,80,0.4,TT,15.0805772240803
94,95,50,0.4,AC,21.0380052412609
95,95,80,0.4,AC,18.5525974594409
96,55,50,0.2,TT,17.9129179659978
97,55,80,0.2,TT,11.4051626367873
98,55,50,0.2,AC,22.6260003322123
99,55,80,0.2,AC,16.268925367519
100,55,50,0.4,TT,17.0416976961012
101,55,80,0.4,TT,11.7645837170978
102,55,50,0.4,AC,21.9956038958653
103,55,80,0.4,AC,15.5199223149883
104,95,50,0.2,TT,16.4447626258869
105,95,80,0.2,TT,13.1449737212446
106,95,50,0.2,AC,20.968698052153
107,95,80,0.2,AC,18.9763251452775
108,95,50,0.4,TT,15.2637432936117
109,95,80,0.4,TT,13.741327065286
110,95,50,0.4,AC,19.8113821776535
111,95,80,0.4,AC,18.3633236692111
112,55,50,0.2,TT,17.7670675655832
113,55,80,0.2,TT,12.4993324363125
114,55,50,0.2,AC,22.3961397011323
115,55,80,0.2,AC,18.2194870056521
116,55,50,0.4,TT,18.0431568230474
117,55,80,0.4,TT,11.8586950725363
118,55,50,0.4,AC,22.1113971866188
119,55,80,0.4,AC,16.7914487465103
120,95,50,0.2,TT,15.1829589307688
121,95,80,0.2,TT,15.5303507751453
122,95,50,0.2,AC,18.9224927596221
123,95,80,0.2,AC,17.6493693111392
124,95,50,0.4,TT,13.7204696828668
125,95,80,0.4,TT,16.4851910260166
126,95,50,0.4,AC,21.7063319288495
127,95,80,0.4,AC,19.1587022196989
128,55,50,0.2,TT,15.7359124324951
129,55,80,0.2,TT,10.8427087067799
130,55,50,0.2,AC,24.0177860571563
131,55,80,0.2,AC,18.2900134417639
132,55,50,0.4,TT,18.1844723914781
133,55,80,0.4,TT,12.8484031463641
134,55,50,0.4,AC,21.7716778469404
135,55,80,0.4,AC,15.8737480100307
136,95,50,0.2,TT,16.4719399558695
137,95,80,0.2,TT,13.350066956661
138,95,50,0.2,AC,18.3502191845027
139,95,80,0.2,AC,19.8521777227876
140,95,50,0.4,TT,14.1906777210101
141,95,80,0.4,TT,14.4946445653247
142,95,50,0.4,AC,19.2740561553366
143,95,80,0.4,AC,18.1522261139704
144,55,50,0.2,TT,17.7332962137218
145,55,80,0.2,TT,11.080966170255
146,55,50,0.2,AC,21.5973085466241
147,55,80,0.2,AC,14.711842464612
148,55,50,0.4,TT,17.2013727428284
149,55,80,0.4,TT,12.39603058282
150,55,50,0.4,AC,23.0178179795998
151,55,80,0.4,AC,15.7080847855744
152,95,50,0.2,TT,14.2981380884583
153,95,80,0.2,TT,13.5369878436412
154,95,50,0.2,AC,20.3188891350188
155,95,80,0.2,AC,18.3192030454469
156,95,50,0.4,TT,15.979249831618
157,95,80,0.4,TT,15.3142097948975
158,95,50,0.4,AC,20.0693760676933
159,95,80,0.4,AC,17.9023941376543
160,55,50,0.2,TT,16.3036202212105
161,55,80,0.2,TT,11.8681644113768
162,55,50,0.2,AC,22.7512561772377
163,55,80,0.2,AC,14.6491357700048
164,55,50,0.4,TT,16.7737323213114
165,55,80,0.4,TT,13.2635471747546
166,55,50,0.4,AC,22.6397545056238
167,55,80,0.4,AC,16.4704027309484
168,95,50,0.2,TT,14.2881874893556
169,95,80,0.2,TT,14.7938825843918
170,95,50,0.2,AC,20.0392108502225
171,95,80,0.2,AC,20.0305518693353
172,95,50,0.4,TT,14.8440709062641
173,95,80,0.4,TT,14.7312642723979
174,95,50,0.4,AC,20.2987839672401
175,95,80,0.4,AC,20.1692568336662
176,55,50,0.2,TT,17.0227569098422
177,55,80,0.2,TT,11.7924645814799
178,55,50,0.2,AC,21.7690006788911
179,55,80,0.2,AC,17.5396397739246
180,55,50,0.4,TT,16.2307413746908
181,55,80,0.4,TT,12.7550082566298
182,55,50,0.4,AC,21.6685579330049
183,55,80,0.4,AC,15.8271302207367
184,95,50,0.2,TT,13.6680092864648
185,95,80,0.2,TT,14.331920800108
186,95,50,0.2,AC,20.9291125435502
187,95,80,0.2,AC,19.9685669920784
188,95,50,0.4,TT,15.6272789454664
189,95,80,0.4,TT,15.7569389489842
190,95,50,0.4,AC,20.9669837185292
191,95,80,0.4,AC,20.4027268614648
192,55,50,0.2,TT,16.768365761471
193,55,80,0.2,TT,12.4012789428745
194,55,50,0.2,AC,21.2943728206084
195,55,80,0.2,AC,15.5220452524281
196,55,50,0.4,TT,18.2229847354892
197,55,80,0.4,TT,10.2558692304862
198,55,50,0.4,AC,20.6651632556904
199,55,80,0.4,AC,15.3710931122135
200,95,50,0.2,TT,13.7743814438609
201,95,80,0.2,TT,14.7947670820032
202,95,50,0.2,AC,22.2551198317774
203,95,80,0.2,AC,19.5892193383843
204,95,50,0.4,TT,16.8442304819249
205,95,80,0.4,TT,13.9693043792047
206,95,50,0.4,AC,20.8520318786529
207,95,80,0.4,AC,21.3000385316739
208,55,50,0.2,TT,17.4630607414122
209,55,80,0.2,TT,12.0145476376413
210,55,50,0.2,AC,20.3557434474839
211,55,80,0.2,AC,16.5723808364178
212,55,50,0.4,TT,17.0143346705466
213,55,80,0.4,TT,13.2272560393264
214,55,50,0.4,AC,23.620463466575
215,55,80,0.4,AC,17.1148715966912
216,95,50,0.2,TT,14.6344916103674
217,95,80,0.2,TT,14.0497001771399
218,95,50,0.2,AC,20.1375487781558
219,95,80,0.2,AC,19.9089324605475
220,95,50,0.4,TT,14.8327111486322
221,95,80,0.4,TT,13.9341136776508
222,95,50,0.4,AC,19.3603289851333
223,95,80,0.4,AC,19.2113359085829
224,55,50,0.2,TT,15.7785872654472
225,55,80,0.2,TT,11.1199246297348
226,55,50,0.2,AC,21.0999688176466
227,55,80,0.2,AC,16.8269058689145
228,55,50,0.4,TT,17.7903328641557
229,55,80,0.4,TT,10.2771545497637
230,55,50,0.4,AC,24.2107850962753
231,55,80,0.4,AC,16.7943623403331
232,95,50,0.2,TT,16.3112273866336
233,95,80,0.2,TT,15.1541424820417
234,95,50,0.2,AC,21.8744500179237
235,95,80,0.2,AC,20.6022303910656
236,95,50,0.4,TT,14.1648857024185
237,95,80,0.4,TT,13.5493860430078
238,95,50,0.4,AC,21.20236243569
239,95,80,0.4,AC,19.9246875110435
240,55,50,0.2,TT,17.0390495637365
241,55,80,0.2,TT,12.6894779595096
242,55,50,0.2,AC,23.4556853699653
243,55,80,0.2,AC,17.8082417618632
244,55,50,0.4,TT,17.7884567687807
245,55,80,0.4,TT,10.6161259945381
246,55,50,0.4,AC,22.4670508555475
247,55,80,0.4,AC,19.4431958837892
248,95,50,0.2,TT,16.7981124602678
249,95,80,0.2,TT,13.9978699589372
250,95,50,0.2,AC,20.0452026609617
251,95,80,0.2,AC,21.8723218458173
252,95,50,0.4,TT,14.886046805606
253,95,80,0.4,TT,14.4209362364722
254,95,50,0.4,AC,19.4648906944967
255,95,80,0.4,AC,18.882521250076
256,55,50,0.2,TT,18.8049368013691
257,55,80,0.2,TT,11.6030202907963
258,55,50,0.2,AC,21.5613988593863
259,55,80,0.2,AC,17.2647864484567
260,55,50,0.4,TT,17.8292749646987
261,55,80,0.4,TT,12.1428376612935
262,55,50,0.4,AC,21.781873619607
263,55,80,0.4,AC,18.9902575527314
264,95,50,0.2,TT,15.4884331215801
265,95,80,0.2,TT,14.2478798988
266,95,50,0.2,AC,19.47314693189
267,95,80,0.2,AC,19.5062187783088
268,95,50,0.4,TT,15.1840080248421
269,95,80,0.4,TT,15.8956982755023
270,95,50,0.4,AC,19.9136787627346
271,95,80,0.4,AC,18.6462684885209
272,55,50,0.2,TT,17.1545471769759
273,55,80,0.2,TT,13.2621280534495
274,55,50,0.2,AC,22.4516464370564
275,55,80,0.2,AC,17.2922252333894
276,55,50,0.4,TT,17.5768114727089
277,55,80,0.4,TT,11.8806770987952
278,55,50,0.4,AC,23.4577521653711
279,55,80,0.4,AC,15.8560446613498
280,95,50,0.2,TT,15.1927651658919
281,95,80,0.2,TT,13.543971222275
282,95,50,0.2,AC,19.4574866962495
283,95,80,0.2,AC,21.3121454285845
284,95,50,0.4,TT,14.9072753865484
285,95,80,0.4,TT,15.3188760441935
286,95,50,0.4,AC,20.7346132247632
287,95,80,0.4,AC,18.5468292315502
288,55,50,0.2,TT,16.9128152486033
289,55,80,0.2,TT,13.083203137983
290,55,50,0.2,AC,22.6796095018705
291,55,80,0.2,AC,17.2307019852128
292,55,50,0.4,TT,18.02495302518
293,55,80,0.4,TT,11.195634041763
294,55,50,0.4,AC,23.1946506198252
295,55,80,0.4,AC,17.9691251166641
296,95,50,0.2,TT,15.442519591723
297,95,80,0.2,TT,16.7067414450207
298,95,50,0.2,AC,18.8618371306097
299,95,80,0.2,AC,20.5478966604668
300,95,50,0.4,TT,14.8212215354451
301,95,80,0.4,TT,16.1303371836521
302,95,50,0.4,AC,20.398260660181
303,95,80,0.4,AC,19.8224237371396
304,55,50,0.2,TT,19.4702939214391
305,55,80,0.2,TT,11.6838145431732
306,55,50,0.2,AC,22.1948801287703
307,55,80,0.2,AC,19.052654331574
308,55,50,0.4,TT,15.648628292555
309,55,80,0.4,TT,12.2929580334197
310,55,50,0.4,AC,21.0380153311398
311,55,80,0.4,AC,16.2048487773247
312,95,50,0.2,TT,13.9675985370882
313,95,80,0.2,TT,15.3893565946854
314,95,50,0.2,AC,21.4396020645588
315,95,80,0.2,AC,19.2239188811107
316,95,50,0.4,TT,15.5715985001305
317,95,80,0.4,TT,15.0155005557651
318,95,50,0.4,AC,19.6145182306745
319,95,80,0.4,AC,18.3167019013331
320,55,50,0.2,TT,17.4842099986448
321,55,80,0.2,TT,12.8680917207025
322,55,50,0.2,AC,23.1392776483699
323,55,80,0.2,AC,17.9503735579365
324,55,50,0.4,TT,15.6781143737618
325,55,80,0.4,TT,11.8152501893877
326,55,50,0.4,AC,22.7118518326669
327,55,80,0.4,AC,17.0920535987857
328,95,50,0.2,TT,14.9548586274696
329,95,80,0.2,TT,13.8066880849113
330,95,50,0.2,AC,19.1784180709803
331,95,80,0.2,AC,20.7816077769744
332,95,50,0.4,TT,15.4917834868119
333,95,80,0.4,TT,14.990909755849
334,95,50,0.4,AC,20.8336323763535
335,95,80,0.4,AC,19.9159862355391
336,55,50,0.2,TT,18.4283445713876
337,55,80,0.2,TT,11.3577289053259
338,55,50,0.2,AC,22.462768957713
339,55,80,0.2,AC,18.2133248376127
340,55,50,0.4,TT,17.3071768854225
341,55,80,0.4,TT,12.236738897937
342,55,50,0.4,AC,23.1378894784044
343,55,80,0.4,AC,17.1063471921846
344,95,50,0.2,TT,14.5190784637619
345,95,80,0.2,TT,16.5144406389133
346,95,50,0.2,AC,21.2963837643371
347,95,80,0.2,AC,18.6574737677162
348,95,50,0.4,TT,13.387274988565
349,95,80,0.4,TT,13.8315463451464
350,95,50,0.4,AC,21.9775209820097
351,95,80,0.4,AC,18.8566925946488
352,55,50,0.2,TT,17.6724306457996
353,55,80,0.2,TT,11.5158243455885
354,55,50,0.2,AC,21.5983883206932
355,55,80,0.2,AC,17.1742530197833
356,55,50,0.4,TT,15.5814604817761
357,55,80,0.4,TT,12.1443600963123
358,55,50,0.4,AC,21.7291693968159
359,55,80,0.4,AC,14.9847440531932
360,95,50,0.2,TT,15.6028979262183
361,95,80,0.2,TT,15.3512136348745
362,95,50,0.2,AC,21.2244302612309
363,95,80,0.2,AC,20.2997515687087
364,95,50,0.4,TT,16.323699096084
365,95,80,0.4,TT,14.4184947394918
366,95,50,0.4,AC,21.4293697785218
367,95,80,0.4,AC,19.2323172584743
368,55,50,0.2,TT,16.4003478984151
369,55,80,0.2,TT,9.15132027456199
370,55,50,0.2,AC,23.9144596513489
371,55,80,0.2,AC,16.3326588789783
372,55,50,0.4,TT,15.982837845499
373,55,80,0.4,TT,10.3391027948641
374,55,50,0.4,AC,22.8784110082208
375,55,80,0.4,AC,17.2694444491064
376,95,50,0.2,TT,14.9619991145036
377,95,80,0.2,TT,14.8351299844319
378,95,50,0.2,AC,20.2839056428067
379,95,80,0.2,AC,20.2772702116897
380,95,50,0.4,TT,15.7866408756173
381,95,80,0.4,TT,14.4623535467621
382,95,50,0.4,AC,19.0268525697245
383,95,80,0.4,AC,21.5617977236216
384,55,50,0.2,TT,19.2886332308607
385,55,80,0.2,TT,10.5068010557928
386,55,50,0.2,AC,21.3708080805428
387,55,80,0.2,AC,16.4702923433824
388,55,50,0.4,TT,17.2912571571622
389,55,80,0.4,TT,11.5277661907549
390,55,50,0.4,AC,22.9025573187397
391,55,80,0.4,AC,17.9251103868604
392,95,50,0.2,TT,14.1841283610429
393,95,80,0.2,TT,12.817909752972
394,95,50,0.2,AC,20.7205348491224
395,95,80,0.2,AC,20.8904038481197
396,95,50,0.4,TT,17.5734642247443
397,95,80,0.4,TT,14.1154493101638
398,95,50,0.4,AC,21.1733409618208
399,95,80,0.4,AC,20.0581405723081
400,55,50,0.2,TT,18.7206694227675
401,55,80,0.2,TT,13.0519217779126
402,55,50,0.2,AC,19.9800261703454
403,55,80,0.2,AC,17.6126572951084
404,55,50,0.4,TT,15.9898219174477
405,55,80,0.4,TT,11.8287896057571
406,55,50,0.4,AC,23.2249407655342
407,55,80,0.4,AC,17.8476010493814
408,95,50,0.2,TT,15.1201446840004
409,95,80,0.2,TT,13.9778648775512
410,95,50,0.2,AC,21.4943240856498
411,95,80,0.2,AC,19.1440592688134
412,95,50,0.4,TT,14.6700101547636
413,95,80,0.4,TT,13.8399120021326
414,95,50,0.4,AC,20.0203865469289
415,95,80,0.4,AC,20.5794826479663
416,55,50,0.2,TT,18.8884066824034
417,55,80,0.2,TT,12.753980232313
418,55,50,0.2,AC,20.5924206551825
419,55,80,0.2,AC,17.530976326176
420,55,50,0.4,TT,17.2785287079267
421,55,80,0.4,TT,12.824650525512
422,55,50,0.4,AC,20.7150287106503
423,55,80,0.4,AC,17.322396792412
424,95,50,0.2,TT,16.2509500601255
425,95,80,0.2,TT,15.0800064494935
426,95,50,0.2,AC,21.1214421098131
427,95,80,0.2,AC,20.0920713028228
428,95,50,0.4,TT,15.5708363558544
429,95,80,0.4,TT,12.733759765868
430,95,50,0.4,AC,19.9924223980041
431,95,80,0.4,AC,19.800721752118
432,55,50,0.2,TT,16.8553346970993
433,55,80,0.2,TT,11.6571801183222
434,55,50,0.2,AC,22.89720173245
435,55,80,0.2,AC,18.0348536987627
436,55,50,0.4,TT,18.2018664741591
437,55,80,0.4,TT,13.1569347342044
438,55,50,0.4,AC,22.6492019079884
439,55,80,0.4,AC,17.0819060489013
440,95,50,0.2,TT,17.312722673335
441,95,80,0.2,TT,17.7267915071951
442,95,50,0.2,AC,20.0773648937433
443,95,80,0.2,AC,19.6157465944942
444,95,50,0.4,TT,15.8044937403222
445,95,80,0.4,TT,14.1727559645797
446,95,50,0.4,AC,20.2743906813219
447,95,80,0.4,AC,18.9185964971366
448,55,50,0.2,TT,18.2049732114263
449,55,80,0.2,TT,10.2455706954919
450,55,50,0.2,AC,22.8627235393306
451,55,80,0.2,AC,14.9417914761998
452,55,50,0.4,TT,16.8847240227746
453,55,80,0.4,TT,12.8531526667853
454,55,50,0.4,AC,23.9599267274308
455,55,80,0.4,AC,16.8186110466182
456,95,50,0.2,TT,15.0133496566543
457,95,80,0.2,TT,13.5038731553035
458,95,50,0.2,AC,21.2234878635372
459,95,80,0.2,AC,21.2754929605679
460,95,50,0.4,TT,15.400566530909
461,95,80,0.4,TT,14.3299657947128
462,95,50,0.4,AC,19.8930939821153
463,95,80,0.4,AC,19.9648920785604
464,55,50,0.2,TT,16.6436912855719
465,55,80,0.2,TT,11.6104879493487
466,55,50,0.2,AC,22.5023112793695
467,55,80,0.2,AC,16.2600558881632
468,55,50,0.4,TT,16.7583564814229
469,55,80,0.4,TT,10.9717969598033
470,55,50,0.4,AC,21.2638666695923
471,55,80,0.4,AC,15.9876983675302
472,95,50,0.2,TT,14.2369667988587
473,95,80,0.2,TT,15.3029763408652
474,95,50,0.2,AC,20.8602965828094
475,95,80,0.2,AC,20.3743092124777
476,95,50,0.4,TT,16.5729966535136
477,95,80,0.4,TT,13.3661575493724
478,95,50,0.4,AC,19.2330976946972
479,95,80,0.4,AC,19.6839533700953
480,55,50,0.2,TT,16.765025880575
481,55,80,0.2,TT,13.9324127607829
482,55,50,0.2,AC,22.1713286522165
483,55,80,0.2,AC,16.366369102764
484,55,50,0.4,TT,16.6918465012823
485,55,80,0.4,TT,11.4193274854413
486,55,50,0.4,AC,20.6708830624905
487,55,80,0.4,AC,16.9702600139922
488,95,50,0.2,TT,14.9854594786218
489,95,80,0.2,TT,15.6872601959943
490,95,50,0.2,AC,21.009214320389
491,95,80,0.2,AC,18.5754856235373
492,95,50,0.4,TT,15.2239576286799
493,95,80,0.4,TT,14.5921702857839
494,95,50,0.4,AC,19.222126853214
495,95,80,0.4,AC,17.93041143586
496,55,50,0.2,TT,17.2113525778181
497,55,80,0.2,TT,11.8143675445737
498,55,50,0.2,AC,22.4001347185021
499,55,80,0.2,AC,16.8710753893849
500,55,50,0.4,TT,16.5340324880498
501,55,80,0.4,TT,12.4072277655361
502,55,50,0.4,AC,19.7294617616202
503,55,80,0.4,AC,15.9369910894647
504,95,50,0.2,TT,13.7591584602328
505,95,80,0.2,TT,12.5531647743555
506,95,50,0.2,AC,21.6733633708769
507,95,80,0.2,AC,22.0474373093371
508,95,50,0.4,TT,15.2587090067879
509,95,80,0.4,TT,14.0805368912568
510,95,50,0.4,AC,20.3377378167869
511,95,80,0.4,AC,19.1635929699013
512,55,50,0.2,TT,18.5672950236917
513,55,80,0.2,TT,12.5596991567312
514,55,50,0.2,AC,22.7543887203893
515,55,80,0.2,AC,16.1359319663797
516,55,50,0.4,TT,16.7434836335298
517,55,80,0.4,TT,10.9238983297088
518,55,50,0.4,AC,22.0861865653833
519,55,80,0.4,AC,16.89275725755
520,95,50,0.2,TT,15.1045737961573
521,95,80,0.2,TT,13.6711525518922
522,95,50,0.2,AC,20.5436255728064
523,95,80,0.2,AC,19.0566428465996
524,95,50,0.4,TT,16.2578986906631
525,95,80,0.4,TT,14.0477855776206
526,95,50,0.4,AC,20.6472133058457
527,95,80,0.4,AC,21.458646685959
528,55,50,0.2,TT,17.9182403486041
529,55,80,0.2,TT,12.4419375311032
530,55,50,0.2,AC,21.639327585673
531,55,80,0.2,AC,17.7319824990712
532,55,50,0.4,TT,16.7780685619107
533,55,80,0.4,TT,11.7081473607877
534,55,50,0.4,AC,21.3334010066964
535,55,80,0.4,AC,15.7891074762501
536,95,50,0.2,TT,15.3154762793403
537,95,80,0.2,TT,16.4299824968534
538,95,50,0.2,AC,22.1726105738423
539,95,80,0.2,AC,20.6387990726074
540,95,50,0.4,TT,15.5013625576525
541,95,80,0.4,TT,13.1968619748216
542,95,50,0.4,AC,20.3751613567607
543,95,80,0.4,AC,20.4894883420391
544,55,50,0.2,TT,16.5641457163881
545,55,80,0.2,TT,10.8668622545713
546,55,50,0.2,AC,23.375138382751
547,55,80,0.2,AC,17.2403500913826
548,55,50,0.4,TT,16.7951733688471
549,55,80,0.4,TT,10.2421888533319
550,55,50,0.4,AC,23.7194949094158
551,55,80,0.4,AC,17.2090308856031
552,95,50,0.2,TT,13.3947697594761
553,95,80,0.2,TT,15.2491800092144
554,95,50,0.2,AC,20.0600768409714
555,95,80,0.2,AC,19.7500483021119
556,95,50,0.4,TT,16.3685849299946
557,95,80,0.4,TT,14.707663722067
558,95,50,0.4,AC,20.3065798475752
559,95,80,0.4,AC,20.002128698311
560,55,50,0.2,TT,18.0126745501608
561,55,80,0.2,TT,12.8111159814296
562,55,50,0.2,AC,22.7125009663
563,55,80,0.2,AC,17.583439168895
564,55,50,0.4,TT,18.5496149441227
565,55,80,0.4,TT,12.9176842994062
566,55,50,0.4,AC,22.4598667470235
567,55,80,0.4,AC,16.6872302035849
568,95,50,0.2,TT,15.3679884317142
569,95,80,0.2,TT,15.6192386278813
570,95,50,0.2,AC,20.1005648055741
571,95,80,0.2,AC,18.6690064673996
572,95,50,0.4,TT,16.1675213303479
573,95,80,0.4,TT,12.7225002846576
574,95,50,0.4,AC,18.7457439474669
575,95,80,0.4,AC,19.6097048038413
576,55,50,0.2,TT,17.4160453343547
577,55,80,0.2,TT,11.3732065525637
578,55,50,0.2,AC,21.7887040446562
579,55,80,0.2,AC,17.0286234005674
580,55,50,0.4,TT,16.1873519897062
581,55,80,0.4,TT,12.9995955956903
582,55,50,0.4,AC,23.393080651574
583,55,80,0.4,AC,17.3772248903287
584,95,50,0.2,TT,14.3854457338792
585,95,80,0.2,TT,12.7052151906435
586,95,50,0.2,AC,20.430614971654
587,95,80,0.2,AC,20.024124578543
588,95,50,0.4,TT,15.5575300350613
589,95,80,0.4,TT,15.1908183735323
590,95,50,0.4,AC,21.7718729460434
591,95,80,0.4,AC,20.1577826090257
592,55,50,0.2,TT,16.5285852487838
593,55,80,0.2,TT,11.538037357564
594,55,50,0.2,AC,23.2271185576645
595,55,80,0.2,AC,16.981806653564
596,55,50,0.4,TT,16.8779440310401
597,55,80,0.4,TT,12.4669524433243
598,55,50,0.4,AC,23.7620660643628
599,55,80,0.4,AC,17.0684427573609
600,95,50,0.2,TT,14.9207605405731
601,95,80,0.2,TT,15.0429644510094
602,95,50,0.2,AC,19.3796428323686
603,95,80,0.2,AC,20.7513433894598
604,95,50,0.4,TT,14.856540779257
605,95,80,0.4,TT,15.0232045408039
606,95,50,0.4,AC,19.7226063720709
607,95,80,0.4,AC,22.1637938049394
608,55,50,0.2,TT,18.7294812617859
609,55,80,0.2,TT,11.7649522087315
610,55,50,0.2,AC,23.5781115019991
611,55,80,0.2,AC,16.0271890736205
612,55,50,0.4,TT,17.0005771221359
613,55,80,0.4,TT,12.4441358864388
614,55,50,0.4,AC,21.808619277171
615,55,80,0.4,AC,16.0037626662034
616,95,50,0.2,TT,15.4915161611285
617,95,80,0.2,TT,15.9844585109493
618,95,50,0.2,AC,19.6096181300869
619,95,80,0.2,AC,17.8845351820337
620,95,50,0.4,TT,15.6625783446482
621,95,80,0.4,TT,13.6317987805848
622,95,50,0.4,AC,19.6291269905353
623,95,80,0.4,AC,19.6184531639943
624,55,50,0.2,TT,16.7184820736712
625,55,80,0.2,TT,11.7957469380735
626,55,50,0.2,AC,22.5043030376384
627,55,80,0.2,AC,16.7714047660154
628,55,50,0.4,TT,18.0019571885219
629,55,80,0.4,TT,11.7981140913899
630,55,50,0.4,AC,21.9564811176344
631,55,80,0.4,AC,15.3881535538222
632,95,50,0.2,TT,16.310002656353
633,95,80,0.2,TT,13.9040111095137
634,95,50,0.2,AC,19.5305779446729
635,95,80,0.2,AC,19.444940267121
636,95,50,0.4,TT,13.4566812116886
637,95,80,0.4,TT,14.8980400014408
638,95,50,0.4,AC,18.8968371665736
639,95,80,0.4,AC,20.6612729963777
640,55,50,0.2,TT,17.4468548253138
641,55,80,0.2,TT,12.2558365472086
642,55,50,0.2,AC,22.9210606962029
643,55,80,0.2,AC,15.3852839951709
644,55,50,0.4,TT,17.4299256055957
645,55,80,0.4,TT,12.4938905779276
646,55,50,0.4,AC,21.6456705778147
647,55,80,0.4,AC,17.1756640737448
648,95,50,0.2,TT,16.5933691490904
649,95,80,0.2,TT,14.2299268514143
650,95,50,0.2,AC,20.9472656220119
651,95,80,0.2,AC,19.4616347646333
652,95,50,0.4,TT,15.2976508659499
653,95,80,0.4,TT,15.3782031683446
654,95,50,0.4,AC,19.3702039421068
655,95,80,0.4,AC,19.7461228844037
656,55,50,0.2,TT,15.5985059185604
657,55,80,0.2,TT,10.6139093269066
658,55,50,0.2,AC,22.0969614589196
659,55,80,0.2,AC,15.1947904781476
660,55,50,0.4,TT,18.2700630618214
661,55,80,0.4,TT,12.5754673613059
662,55,50,0.4,AC,23.3603213701106
663,55,80,0.4,AC,17.0863638298004
664,95,50,0.2,TT,15.8601087209492
665,95,80,0.2,TT,14.7190116393038
666,95,50,0.2,AC,21.0593934204392
667,95,80,0.2,AC,19.3829932758465
668,95,50,0.4,TT,14.3602105794769
669,95,80,0.4,TT,12.8414124393432
670,95,50,0.4,AC,20.2532440073135
671,95,80,0.4,AC,22.1461599080429
672,55,50,0.2,TT,16.8730599394159
673,55,80,0.2,TT,11.8990985676576
674,55,50,0.2,AC,22.3445408440749
675,55,80,0.2,AC,15.6785892552142
676,55,50,0.4,TT,17.9146449175229
677,55,80,0.4,TT,11.4519419109543
678,55,50,0.4,AC,22.4286183772001
679,55,80,0.4,AC,18.2012478380725
680,95,50,0.2,TT,15.7628267422403
681,95,80,0.2,TT,14.7176460893436
682,95,50,0.2,AC,21.1470161599206
683,95,80,0.2,AC,20.4124152154697
684,95,50,0.4,TT,16.1650696853674
685,95,80,0.4,TT,15.9962033161977
686,95,50,0.4,AC,19.9988968025619
687,95,80,0.4,AC,18.6724485128978
688,55,50,0.2,TT,16.459412138748
689,55,80,0.2,TT,12.6887432956671
690,55,50,0.2,AC,23.4382195913215
691,55,80,0.2,AC,15.6524281064127
692,55,50,0.4,TT,17.4217828883437
693,55,80,0.4,TT,9.98994466816252
694,55,50,0.4,AC,21.8196737533123
695,55,80,0.4,AC,17.0356488234476
696,95,50,0.2,TT,14.9748837932813
697,95,80,0.2,TT,14.8732472347607
698,95,50,0.2,AC,20.8039329466244
699,95,80,0.2,AC,20.5918717183774
700,95,50,0.4,TT,16.6650380179257
701,95,80,0.4,TT,15.192904650389
702,95,50,0.4,AC,20.9398800181078
703,95,80,0.4,AC,20.0625835853738
704,55,50,0.2,TT,17.7204600534309
705,55,80,0.2,TT,11.8050470906433
706,55,50,0.2,AC,22.9851155690427
707,55,80,0.2,AC,17.303707610725
708,55,50,0.4,TT,16.7523621747282
709,55,80,0.4,TT,13.0636077092615
710,55,50,0.4,AC,23.7569442939831
711,55,80,0.4,AC,16.4233346770097
712,95,50,0.2,TT,14.5417009103578
713,95,80,0.2,TT,15.1196562399667
714,95,50,0.2,AC,19.4521299972576
715,95,80,0.2,AC,17.9113571454327
716,95,50,0.4,TT,16.486763377325
717,95,80,0.4,TT,13.2090771162595
718,95,50,0.4,AC,19.4549465844526
719,95,80,0.4,AC,19.4844786868718
720,55,50,0.2,TT,17.09931758109
721,55,80,0.2,TT,12.7847483059443
722,55,50,0.2,AC,20.8158404781141
723,55,80,0.2,AC,17.3711581495152
724,55,50,0.4,TT,16.1297887984663
725,55,80,0.4,TT,11.2459840242942
726,55,50,0.4,AC,23.2897850466376
727,55,80,0.4,AC,17.2992748245392
728,95,50,0.2,TT,17.1173339294529
729,95,80,0.2,TT,14.6980384256016
730,95,50,0.2,AC,19.1079380950093
731,95,80,0.2,AC,19.4996056610286
732,95,50,0.4,TT,15.792892961628
733,95,80,0.4,TT,12.4037562247804
734,95,50,0.4,AC,18.7884698494594
735,95,80,0.4,AC,19.7032545769447
736,55,50,0.2,TT,16.6411322038935
737,55,80,0.2,TT,12.1010470684259
738,55,50,0.2,AC,21.6332595038357
739,55,80,0.2,AC,16.7250583778978
740,55,50,0.4,TT,18.5426725974003
741,55,80,0.4,TT,11.5879697482887
742,55,50,0.4,AC,21.7571551879442
743,55,80,0.4,AC,15.4479464324457
744,95,50,0.2,TT,16.0950370820355
745,95,80,0.2,TT,14.8504158119544
746,95,50,0.2,AC,22.1668171477785
747,95,80,0.2,AC,19.1757989707041
748,95,50,0.4,TT,14.6143475581071
749,95,80,0.4,TT,13.973968097603
750,95,50,0.4,AC,18.4182989102334
751,95,80,0.4,AC,20.4833433714213
752,55,50,0.2,TT,16.2439546098493
753,55,80,0.2,TT,13.0201708593945
754,55,50,0.2,AC,24.408126630954
755,55,80,0.2,AC,14.3601192042412
756,55,50,0.4,TT,18.3920049784099
757,55,80,0.4,TT,10.9422600252725
758,55,50,0.4,AC,21.5012421680585
759,55,80,0.4,AC,16.6268588248742
760,95,50,0.2,TT,14.5385341563084
761,95,80,0.2,TT,14.8073600969189
762,95,50,0.2,AC,19.6183748014251
763,95,80,0.2,AC,19.2201287112858
764,95,50,0.4,TT,14.036092411177
765,95,80,0.4,TT,15.1018949771234
766,95,50,0.4,AC,20.2963069854192
767,95,80,0.4,AC,18.8003147621963
768,55,50,0.2,TT,18.3681206562927
769,55,80,0.2,TT,13.1656608763161
770,55,50,0.2,AC,21.7555767045436
771,55,80,0.2,AC,18.0496016151361
772,55,50,0.4,TT,17.8030087984347
773,55,80,0.4,TT,13.0347641231251
774,55,50,0.4,AC,21.5636671258294
775,55,80,0.4,AC,16.7684029184167
776,95,50,0.2,TT,16.641020781596
777,95,80,0.2,TT,14.3482092381702
778,95,50,0.2,AC,18.7710937502716
779,95,80,0.2,AC,17.4853247110973
780,95,50,0.4,TT,14.387281354399
781,95,80,0.4,TT,14.2363919974802
782,95,50,0.4,AC,22.3477281716299
783,95,80,0.4,AC,20.772452414299
784,55,50,0.2,TT,17.0546995309955
785,55,80,0.2,TT,11.5651455509091
786,55,50,0.2,AC,23.3882894279853
787,55,80,0.2,AC,17.1604465960921
788,55,50,0.4,TT,18.0274028363795
789,55,80,0.4,TT,11.6850652045723
790,55,50,0.4,AC,22.648801160372
791,55,80,0.4,AC,16.4716302414928
792,95,50,0.2,TT,16.2052780237012
793,95,80,0.2,TT,13.3172192123198
794,95,50,0.2,AC,19.7509336798327
795,95,80,0.2,AC,19.487454022259
796,95,50,0.4,TT,16.1686716573259
797,95,80,0.4,TT,12.7605839066151
798,95,50,0.4,AC,21.4570304325801
799,95,80,0.4,AC,20.4116238109864
800,55,50,0.2,TT,18.1135926861688
801,55,80,0.2,TT,12.9559103384306
802,55,50,0.2,AC,21.6048362442323
803,55,80,0.2,AC,16.5724765455436
804,55,50,0.4,TT,17.9104321393451
805,55,80,0.4,TT,11.7055072546402
806,55,50,0.4,AC,22.3013019974093
807,55,80,0.4,AC,17.0115655813387
808,95,50,0.2,TT,14.8707364565785
809,95,80,0.2,TT,15.2413308811886
810,95,50,0.2,AC,20.5942650864023
811,95,80,0.2,AC,18.7326779086792
812,95,50,0.4,TT,16.2504021013423
813,95,80,0.4,TT,12.3634655829839
814,95,50,0.4,AC,20.6141448393903
815,95,80,0.4,AC,19.3160961029971
816,55,50,0.2,TT,16.1562813471435
817,55,80,0.2,TT,11.3808713745275
818,55,50,0.2,AC,23.5023786591271
819,55,80,0.2,AC,17.582535950518
820,55,50,0.4,TT,19.0734209132333
821,55,80,0.4,TT,10.8113206817587
822,55,50,0.4,AC,23.9054640901303
823,55,80,0.4,AC,16.4871176023661
824,95,50,0.2,TT,14.8655911284591
825,95,80,0.2,TT,17.9352885637233
826,95,50,0.2,AC,21.1037637728258
827,95,80,0.2,AC,19.4641782475533
828,95,50,0.4,TT,15.0553886931269
829,95,80,0.4,TT,14.1382518516367
830,95,50,0.4,AC,20.389203667972
831,95,80,0.4,AC,20.3980094152323
832,55,50,0.2,TT,19.0689852905296
833,55,80,0.2,TT,12.2176817068433
834,55,50,0.2,AC,20.9939464603381
835,55,80,0.2,AC,17.7889707439127
836,55,50,0.4,TT,18.1761395156643
837,55,80,0.4,TT,12.2135747665601
838,55,50,0.4,AC,22.8283010821202
839,55,80,0.4,AC,16.1006652763294
840,95,50,0.2,TT,15.0288702732915
841,95,80,0.2,TT,13.7008882839841
842,95,50,0.2,AC,21.6446694044648
843,95,80,0.2,AC,18.0216292916828
844,95,50,0.4,TT,15.9127298720143
845,95,80,0.4,TT,14.303847710613
846,95,50,0.4,AC,19.5122802578988
847,95,80,0.4,AC,17.8733175474978
848,55,50,0.2,TT,17.6486049531469
849,55,80,0.2,TT,13.36321446332
850,55,50,0.2,AC,24.0869482588449
851,55,80,0.2,AC,17.6495962776286
852,55,50,0.4,TT,19.302011394986
853,55,80,0.4,TT,12.1632223581478
854,55,50,0.4,AC,21.5142978449253
855,55,80,0.4,AC,15.9801123511931
856,95,50,0.2,TT,14.5093211834869
857,95,80,0.2,TT,13.1056361086287
858,95,50,0.2,AC,20.6075778350422
859,95,80,0.2,AC,21.4854007523405
860,95,50,0.4,TT,13.7844176084779
861,95,80,0.4,TT,13.9111785017592
862,95,50,0.4,AC,19.1591731322652
863,95,80,0.4,AC,18.5215416834584
864,55,50,0.2,TT,17.4178647718056
865,55,80,0.2,TT,13.821882424243
866,55,50,0.2,AC,23.9265842402345
867,55,80,0.2,AC,16.6330921060557
868,55,50,0.4,TT,16.5611676994825
869,55,80,0.4,TT,10.4605057099458
870,55,50,0.4,AC,23.4374463074241
871,55,80,0.4,AC,16.6920536185124
872,95,50,0.2,TT,14.8646208500172
873,95,80,0.2,TT,16.0252087048363
874,95,50,0.2,AC,20.3592970040611
875,95,80,0.2,AC,17.607507261373
876,95,50,0.4,TT,15.8493730232674
877,95,80,0.4,TT,14.6159668671571
878,95,50,0.4,AC,21.3488632283518
879,95,80,0.4,AC,19.8075709482795
880,55,50,0.2,TT,18.0055199040259
881,55,80,0.2,TT,11.4462107832895
882,55,50,0.2,AC,22.4945517613766
883,55,80,0.2,AC,15.4088693337107
884,55,50,0.4,TT,18.4781520122496
885,55,80,0.4,TT,12.6508067360025
886,55,50,0.4,AC,23.1753783140739
887,55,80,0.4,AC,15.9605449701977
888,95,50,0.2,TT,14.3787793263238
889,95,80,0.2,TT,14.8519819047172
890,95,50,0.2,AC,19.8166528043885
891,95,80,0.2,AC,17.8953398277117
892,95,50,0.4,TT,16.3660988816434
893,95,80,0.4,TT,13.7465967758152
894,95,50,0.4,AC,21.0162999641867
895,95,80,0.4,AC,20.5381996689112
896,55,50,0.2,TT,17.3468813144631
897,55,80,0.2,TT,12.8138784018635
898,55,50,0.2,AC,23.1509316099352
899,55,80,0.2,AC,15.5910265911741
900,55,50,0.4,TT,19.1030675476056
901,55,80,0.4,TT,11.6015880170237
902,55,50,0.4,AC,23.5090398038755
903,55,80,0.4,AC,16.8167055584807
904,95,50,0.2,TT,15.291276185655
905,95,80,0.2,TT,15.2204886853069
906,95,50,0.2,AC,19.7935840839806
907,95,80,0.2,AC,18.5744544709092
908,95,50,0.4,TT,16.0719130138204
909,95,80,0.4,TT,14.7002665698538
910,95,50,0.4,AC,22.2595446962762
911,95,80,0.4,AC,17.7167059543225
912,55,50,0.2,TT,17.7632429682641
913,55,80,0.2,TT,11.4725294054574
914,55,50,0.2,AC,23.802580776015
915,55,80,0.2,AC,17.1793121296908
916,55,50,0.4,TT,17.2826916561097
917,55,80,0.4,TT,10.8307007804388
918,55,50,0.4,AC,23.0051235541607
919,55,80,0.4,AC,17.2230193292461
920,95,50,0.2,TT,16.0553801086426
921,95,80,0.2,TT,14.564303025893
922,95,50,0.2,AC,19.9986623052893
923,95,80,0.2,AC,18.6921137055536
924,95,50,0.4,TT,16.2024490218679
925,95,80,0.4,TT,14.8651453659498
926,95,50,0.4,AC,21.6895538006587
927,95,80,0.4,AC,19.4454006024744
928,55,50,0.2,TT,18.1102420356934
929,55,80,0.2,TT,10.5088872632778
930,55,50,0.2,AC,22.7634813728334
931,55,80,0.2,AC,15.9631591682232
932,55,50,0.4,TT,17.0518530949552
933,55,80,0.4,TT,11.8707955735322
934,55,50,0.4,AC,22.824679406205
935,55,80,0.4,AC,15.9222565261745
936,95,50,0.2,TT,14.5806231009872
937,95,80,0.2,TT,13.4566162125311
938,95,50,0.2,AC,20.1287214272066
939,95,80,0.2,AC,19.1767965629947
940,95,50,0.4,TT,17.5204903282706
941,95,80,0.4,TT,15.7875820176741
942,95,50,0.4,AC,20.3269578218936
943,95,80,0.4,AC,19.4330349788376
944,55,50,0.2,TT,18.0838277692849
945,55,80,0.2,TT,10.830126156443
946,55,50,0.2,AC,22.810309528477
947,55,80,0.2,AC,14.3757341335419
948,55,50,0.4,TT,18.9766929189915
949,55,80,0.4,TT,11.9243550243917
950,55,50,0.4,AC,22.0608224975412
951,55,80,0.4,AC,15.9744157409436
952,95,50,0.2,TT,15.1353613743243
953,95,80,0.2,TT,14.2552066123748
954,95,50,0.2,AC,20.2105407295247
955,95,80,0.2,AC,18.9217228666715
956,95,50,0.4,TT,14.7843275227519
957,95,80,0.4,TT,14.5057234159362
958,95,50,0.4,AC,21.0833457122342
959,95,80,0.4,AC,19.5632732668058
960,55,50,0.2,TT,17.6011859169204
961,55,80,0.2,TT,13.3745388320731
962,55,50,0.2,AC,22.6047446468036
963,55,80,0.2,AC,15.2673461126898
964,55,50,0.4,TT,17.7954923256904
965,55,80,0.4,TT,10.8676052535941
966,55,50,0.4,AC,22.1957798118827
967,55,80,0.4,AC,15.0061948418967
968,95,50,0.2,TT,16.1873458935293
969,95,80,0.2,TT,14.5734602720365
970,95,50,0.2,AC,20.2064096536288
971,95,80,0.2,AC,19.79002798497
972,95,50,0.4,TT,15.7817833204767
973,95,80,0.4,TT,15.7670166722339
974,95,50,0.4,AC,20.2447562584988
975,95,80,0.4,AC,19.3330964283
976,55,50,0.2,TT,17.151278914336
977,55,80,0.2,TT,12.6670217205867
978,55,50,0.2,AC,22.8208787408809
979,55,80,0.2,AC,16.8232900347827
980,55,50,0.4,TT,18.7169987531221
981,55,80,0.4,TT,11.7982800413103
982,55,50,0.4,AC,21.8524071947275
983,55,80,0.4,AC,16.8171274300998
984,95,50,0.2,TT,15.3339182643159
985,95,80,0.2,TT,14.2017227586801
986,95,50,0.2,AC,19.0606811509024
987,95,80,0.2,AC,19.4435139778864
988,95,50,0.4,TT,14.1035598046735
989,95,80,0.4,TT,15.6062598639431
990,95,50,0.4,AC,20.4867267411757
991,95,80,0.4,AC,19.9951279090455
992,55,50,0.2,TT,17.3842854539209
993,55,80,0.2,TT,12.4990147282411
994,55,50,0.2,AC,22.4145919134348
995,55,80,0.2,AC,17.3905945206968
996,55,50,0.4,TT,18.4088263143088
997,55,80,0.4,TT,12.5834192669774
998,55,50,0.4,AC,21.3199739477955
999,55,80,0.4,AC,15.773383525792
1000,95,50,0.2,TT,16.0705137732046
1001,95,80,0.2,TT,13.4789243050372
1002,95,50,0.2,AC,22.6331409143952
1003,95,80,0.2,AC,19.4081939190539
1004,95,50,0.4,TT,15.30915344109
1005,95,80,0.4,TT,14.5073570302529
1006,95,50,0.4,AC,20.6022872383526
1007,95,80,0.4,AC,19.4129978925886
1008,55,50,0.2,TT,17.8289603891719
1009,55,80,0.2,TT,13.04953792925
1010,55,50,0.2,AC,21.5879147493287
1011,55,80,0.2,AC,15.896535259786
1012,55,50,0.4,TT,19.8967834873793
1013,55,80,0.4,TT,11.6502603645682
1014,55,50,0.4,AC,23.4879673690852
1015,55,80,0.4,AC,18.075380080365
1016,95,50,0.2,TT,15.9211245087732
1017,95,80,0.2,TT,13.0941045197592
1018,95,50,0.2,AC,21.6821259578068
1019,95,80,0.2,AC,19.4528683375114
1020,95,50,0.4,TT,15.228106452442
1021,95,80,0.4,TT,13.9172270692293
1022,95,50,0.4,AC,20.2573541667099
1023,95,80,0.4,AC,21.0356895633514
1024,55,50,0.2,TT,17.2373211381378
1025,55,80,0.2,TT,10.6967929147856
1026,55,50,0.2,AC,22.0720189122553
1027,55,80,0.2,AC,17.4829656756208
1028,55,50,0.4,TT,17.9652229957869
1029,55,80,0.4,TT,13.1948140919829
1030,55,50,0.4,AC,23.1948837626699
1031,55,80,0.4,AC,15.0860352857212
1032,95,50,0.2,TT,14.9851692266336
1033,95,80,0.2,TT,15.2220097486077
1034,95,50,0.2,AC,21.3211694219439
1035,95,80,0.2,AC,18.9984987752757
1036,95,50,0.4,TT,14.676886283774
1037,95,80,0.4,TT,15.7770226441764
1038,95,50,0.4,AC,20.7611015086055
1039,95,80,0.4,AC,19.1100502908846
1040,55,50,0.2,TT,17.4694855469954
1041,55,80,0.2,TT,10.0736405011562
1042,55,50,0.2,AC,21.2979180988136
1043,55,80,0.2,AC,16.0502888612179
1044,55,50,0.4,TT,18.5373170026991
1045,55,80,0.4,TT,11.6126941058443
1046,55,50,0.4,AC,22.1671070765555
1047,55,80,0.4,AC,16.1329025311618
1048,95,50,0.2,TT,15.2656550707525
1049,95,80,0.2,TT,13.9069520296396
1050,95,50,0.2,AC,21.6768815582267
1051,95,80,0.2,AC,19.7742123713708
1052,95,50,0.4,TT,14.524749128106
1053,95,80,0.4,TT,13.8982684233659
1054,95,50,0.4,AC,18.1557892045902
1055,95,80,0.4,AC,20.2050949543948
1056,55,50,0.2,TT,17.1515177682936
1057,55,80,0.2,TT,11.9114699742341
1058,55,50,0.2,AC,22.354157948258
1059,55,80,0.2,AC,16.2523367032902
1060,55,50,0.4,TT,16.8792706842503
1061,55,80,0.4,TT,11.9060965440268
1062,55,50,0.4,AC,22.4707603785
1063,55,80,0.4,AC,15.4012762394125
1064,95,50,0.2,TT,14.6425587517659
1065,95,80,0.2,TT,13.6432968498672
1066,95,50,0.2,AC,19.3329817906901
1067,95,80,0.2,AC,20.6859669315094
1068,95,50,0.4,TT,15.7509634684405
1069,95,80,0.4,TT,14.4656024593053
1070,95,50,0.4,AC,21.0581749723391
1071,95,80,0.4,AC,19.0175338057696
1072,55,50,0.2,TT,17.9984377943837
1073,55,80,0.2,TT,10.1038997133886
1074,55,50,0.2,AC,22.190886574084
1075,55,80,0.2,AC,14.5087083767033
1076,55,50,0.4,TT,17.3624185916372
1077,55,80,0.4,TT,12.5307211825967
1078,55,50,0.4,AC,20.9798750809166
1079,55,80,0.4,AC,17.9055354259128
1080,95,50,0.2,TT,15.5375461811174
1081,95,80,0.2,TT,15.0907487203899
1082,95,50,0.2,AC,20.3376790306875
1083,95,80,0.2,AC,21.4264477257965
1084,95,50,0.4,TT,17.9475333046299
1085,95,80,0.4,TT,14.2844585326406
1086,95,50,0.4,AC,20.2725774993532
1087,95,80,0.4,AC,19.570979734239
1088,55,50,0.2,TT,17.2701842638674
1089,55,80,0.2,TT,11.550503365438
1090,55,50,0.2,AC,24.358475808814
1091,55,80,0.2,AC,18.0465312629262
1092,55,50,0.4,TT,19.0775201413698
1093,55,80,0.4,TT,12.4687394831054
1094,55,50,0.4,AC,22.1126734269674
1095,55,80,0.4,AC,15.1270461213303
1096,95,50,0.2,TT,16.1406894928063
1097,95,80,0.2,TT,15.941453572994
1098,95,50,0.2,AC,20.5167066745987
1099,95,80,0.2,AC,19.464199608452
1100,95,50,0.4,TT,15.3316969519227
1101,95,80,0.4,TT,14.5291643283753
1102,95,50,0.4,AC,19.5476229415615
1103,95,80,0.4,AC,20.7378506260548
1104,55,50,0.2,TT,18.0580882098339
1105,55,80,0.2,TT,10.7084760509456
1106,55,50,0.2,AC,22.1290694840595
1107,55,80,0.2,AC,16.6722167135431
1108,55,50,0.4,TT,16.9690896777266
1109,55,80,0.4,TT,11.1346137935947
1110,55,50,0.4,AC,21.7996770193217
1111,55,80,0.4,AC,18.0771292548087
1112,95,50,0.2,TT,14.3341429074357
1113,95,80,0.2,TT,14.8855468155931
1114,95,50,0.2,AC,21.2364766028727
1115,95,80,0.2,AC,19.6173676017883
1116,95,50,0.4,TT,14.7807807429806
1117,95,80,0.4,TT,14.4823441453108
1118,95,50,0.4,AC,19.7645444952518
1119,95,80,0.4,AC,19.8938448185915
1120,55,50,0.2,TT,17.7250252132275
1121,55,80,0.2,TT,11.1714612479016
1122,55,50,0.2,AC,24.0221123630037
1123,55,80,0.2,AC,15.0847772518845
1124,55,50,0.4,TT,18.0005814850911
1125,55,80,0.4,TT,13.5272837582704
1126,55,50,0.4,AC,23.8483301225897
1127,55,80,0.4,AC,15.933446957341
1128,95,50,0.2,TT,16.8782049999336
1129,95,80,0.2,TT,14.1809862819172
1130,95,50,0.2,AC,21.112414913386
1131,95,80,0.2,AC,19.0041495993328
1132,95,50,0.4,TT,16.6321175549424
1133,95,80,0.4,TT,13.9930104075365
1134,95,50,0.4,AC,20.283769915656
1135,95,80,0.4,AC,19.5781877730948
1136,55,50,0.2,TT,18.2308818808717
1137,55,80,0.2,TT,13.1176800086175
1138,55,50,0.2,AC,21.3237988276115
1139,55,80,0.2,AC,14.4799255862879
1140,55,50,0.4,TT,16.9005150928742
1141,55,80,0.4,TT,12.0823951847748
1142,55,50,0.4,AC,23.5122009592831
1143,55,80,0.4,AC,17.3610004152851
1144,95,50,0.2,TT,14.6712658268469
1145,95,80,0.2,TT,16.5424309708514
1146,95,50,0.2,AC,20.0174991273444
1147,95,80,0.2,AC,20.3057934137321
1148,95,50,0.4,TT,15.9474583748867
1149,95,80,0.4,TT,16.2944168425798
1150,95,50,0.4,AC,22.6279271081506
1151,95,80,0.4,AC,18.9348190694579
1152,55,50,0.2,TT,17.8559530950406
1153,55,80,0.2,TT,11.3613421384562
1154,55,50,0.2,AC,24.2968070888645
1155,55,80,0.2,AC,15.5635472949386
1156,55,50,0.4,TT,18.7359457026096
1157,55,80,0.4,TT,13.3072560748189
1158,55,50,0.4,AC,23.725351689256
1159,55,80,0.4,AC,17.2182838681718
1160,95,50,0.2,TT,16.6512681067285
1161,95,80,0.2,TT,14.827543442906
1162,95,50,0.2,AC,20.0322247075597
1163,95,80,0.2,AC,20.9401941781059
1164,95,50,0.4,TT,16.4776032376022
1165,95,80,0.4,TT,15.351020520027
1166,95,50,0.4,AC,20.8701871500365
1167,95,80,0.4,AC,19.5530434892378
1168,55,50,0.2,TT,18.0603898118011
1169,55,80,0.2,TT,13.9933095480723
1170,55,50,0.2,AC,22.3875197859034
1171,55,80,0.2,AC,16.8373103915714
1172,55,50,0.4,TT,16.0990583891294
1173,55,80,0.4,TT,12.3133761572414
1174,55,50,0.4,AC,24.0741470335592
1175,55,80,0.4,AC,16.9367352823417
1176,95,50,0.2,TT,15.7841679887537
1177,95,80,0.2,TT,13.5313721039433
1178,95,50,0.2,AC,19.9787825476494
1179,95,80,0.2,AC,21.1839002675599
1180,95,50,0.4,TT,15.4030118211264
1181,95,80,0.4,TT,13.6402788121193
1182,95,50,0.4,AC,21.6200069530777
1183,95,80,0.4,AC,19.8856125788691
1184,55,50,0.2,TT,17.0958980589122
1185,55,80,0.2,TT,13.3335869511611
1186,55,50,0.2,AC,21.7383665577263
1187,55,80,0.2,AC,17.099036564534
1188,55,50,0.4,TT,16.2618499350706
1189,55,80,0.4,TT,10.8369071423294
1190,55,50,0.4,AC,23.1537014365483
1191,55,80,0.4,AC,17.8791971544579
1192,95,50,0.2,TT,14.6749659000287
1193,95,80,0.2,TT,14.1962658483471
1194,95,50,0.2,AC,19.7958967372891
1195,95,80,0.2,AC,19.9251586599879
1196,95,50,0.4,TT,13.0835966003083
1197,95,80,0.4,TT,14.7789798564011
1198,95,50,0.4,AC,21.1669996961912
1199,95,80,0.4,AC,20.6264951046416
1200,55,50,0.2,TT,19.0756342397248
1201,55,80,0.2,TT,12.8210139487427
1202,55,50,0.2,AC,22.6676682368576
1203,55,80,0.2,AC,17.9368199020521
1204,55,50,0.4,TT,17.9109771496978
1205,55,80,0.4,TT,12.6311510219728
1206,55,50,0.4,AC,20.5211233249017
1207,55,80,0.4,AC,18.655514579171
1208,95,50,0.2,TT,14.7172300340723
1209,95,80,0.2,TT,15.8767465008347
1210,95,50,0.2,AC,20.2047240301228
1211,95,80,0.2,AC,20.4811218579326
1212,95,50,0.4,TT,14.2964539559527
1213,95,80,0.4,TT,15.9816371467522
1214,95,50,0.4,AC,20.2334252353013
1215,95,80,0.4,AC,20.1493552834811
1216,55,50,0.2,TT,17.0623950923587
1217,55,80,0.2,TT,12.2070842743647
1218,55,50,0.2,AC,22.1763311833873
1219,55,80,0.2,AC,14.7559880968455
1220,55,50,0.4,TT,18.5142314174653
1221,55,80,0.4,TT,14.006056665803
1222,55,50,0.4,AC,22.9841064846154
1223,55,80,0.4,AC,16.9466853929487
1224,95,50,0.2,TT,13.0765932240915
1225,95,80,0.2,TT,12.9854766418426
1226,95,50,0.2,AC,20.5600672541164
1227,95,80,0.2,AC,20.7801093405592
1228,95,50,0.4,TT,14.6415159578274
1229,95,80,0.4,TT,14.722940555851
1230,95,50,0.4,AC,19.6547248125366
1231,95,80,0.4,AC,19.7982891825401
1232,55,50,0.2,TT,16.4634518516338
1233,55,80,0.2,TT,11.9845657525581
1234,55,50,0.2,AC,23.7530108944561
1235,55,80,0.2,AC,17.5418991570723
1236,55,50,0.4,TT,17.20284729394
1237,55,80,0.4,TT,13.7223163761044
1238,55,50,0.4,AC,22.4338209599816
1239,55,80,0.4,AC,15.5934324069405
1240,95,50,0.2,TT,15.9828838702962
1241,95,80,0.2,TT,15.0568927473105
1242,95,50,0.2,AC,21.2365086663814
1243,95,80,0.2,AC,20.5017081480257
1244,95,50,0.4,TT,14.1899338638521
1245,95,80,0.4,TT,14.5162052666542
1246,95,50,0.4,AC,21.0779451383279
1247,95,80,0.4,AC,20.5999960061751
1248,55,50,0.2,TT,17.1642390323912
1249,55,80,0.2,TT,11.0943832261455
1250,55,50,0.2,AC,21.0319978627232
1251,55,80,0.2,AC,17.7444526114469
1252,55,50,0.4,TT,17.2654461931969
1253,55,80,0.4,TT,11.6180954374318
1254,55,50,0.4,AC,21.1900806432818
1255,55,80,0.4,AC,15.3454479255034
1256,95,50,0.2,TT,15.2115030346604
1257,95,80,0.2,TT,13.2910679699471
1258,95,50,0.2,AC,21.9670536383205
1259,95,80,0.2,AC,19.9041051124098
1260,95,50,0.4,TT,17.0918257051379
1261,95,80,0.4,TT,13.4247252420373
1262,95,50,0.4,AC,19.7822886052734
1263,95,80,0.4,AC,19.7716558034494
1264,55,50,0.2,TT,19.8282454593434
1265,55,80,0.2,TT,10.6664358185485
1266,55,50,0.2,AC,23.1917406022061
1267,55,80,0.2,AC,15.7334687238965
1268,55,50,0.4,TT,17.578941963627
1269,55,80,0.4,TT,12.8542830708716
1270,55,50,0.4,AC,23.5692663851494
1271,55,80,0.4,AC,18.3512366567879
1272,95,50,0.2,TT,16.8020853864315
1273,95,80,0.2,TT,13.3911333264717
1274,95,50,0.2,AC,19.1487338681233
1275,95,80,0.2,AC,19.25221009141
1276,95,50,0.4,TT,14.5572767045399
1277,95,80,0.4,TT,14.3071651065937
1278,95,50,0.4,AC,21.4092421128381
1279,95,80,0.4,AC,19.3314703954911
1280,55,50,0.2,TT,19.0504781960026
1281,55,80,0.2,TT,11.6259558692158
1282,55,50,0.2,AC,23.0120948749845
1283,55,80,0.2,AC,16.9774169608218
1284,55,50,0.4,TT,17.68919458846
1285,55,80,0.4,TT,10.9074877444511
1286,55,50,0.4,AC,20.5191765120072
1287,55,80,0.4,AC,17.0744764465522
1288,95,50,0.2,TT,14.91749044516
1289,95,80,0.2,TT,14.6934569156403
1290,95,50,0.2,AC,20.5296552757845
1291,95,80,0.2,AC,18.4989652741038
1292,95,50,0.4,TT,15.9974202742342
1293,95,80,0.4,TT,13.1394303788018
1294,95,50,0.4,AC,20.7298916805581
1295,95,80,0.4,AC,18.7810506324768
1296,55,50,0.2,TT,19.351519240226
1297,55,80,0.2,TT,11.1019116448395
1298,55,50,0.2,AC,23.1316128007422
1299,55,80,0.2,AC,16.2886944614016
1300,55,50,0.4,TT,17.7726618133927
1301,55,80,0.4,TT,12.1917229425395
1302,55,50,0.4,AC,23.1767209287617
1303,55,80,0.4,AC,17.9889171347684
1304,95,50,0.2,TT,15.8513558605699
1305,95,80,0.2,TT,14.4819180148636
1306,95,50,0.2,AC,20.7366643409733
1307,95,80,0.2,AC,19.9062252368997
1308,95,50,0.4,TT,16.3452668865865
1309,95,80,0.4,TT,13.4336946911782
1310,95,50,0.4,AC,20.2554904926364
1311,95,80,0.4,AC,19.3527497767351
1312,55,50,0.2,TT,17.0248715641794
1313,55,80,0.2,TT,14.0815659806433
1314,55,50,0.2,AC,22.5788843143906
1315,55,80,0.2,AC,18.6519205755557
1316,55,50,0.4,TT,18.7728520279471
1317,55,80,0.4,TT,13.1926273456232
1318,55,50,0.4,AC,22.2779344055439
1319,55,80,0.4,AC,14.4838293931669
1320,95,50,0.2,TT,15.8220303887373
1321,95,80,0.2,TT,14.1361112699239
1322,95,50,0.2,AC,22.4433324237819
1323,95,80,0.2,AC,21.639322304125
1324,95,50,0.4,TT,15.2466417886212
1325,95,80,0.4,TT,14.3453238250512
1326,95,50,0.4,AC,18.2021437482444
1327,95,80,0.4,AC,22.532188245736
1328,55,50,0.2,TT,16.1901109371021
1329,55,80,0.2,TT,11.7814527381351
1330,55,50,0.2,AC,22.3412842419055
1331,55,80,0.2,AC,17.8312785807226
1332,55,50,0.4,TT,18.4240085100232
1333,55,80,0.4,TT,13.1926007247213
1334,55,50,0.4,AC,22.6128827663912
1335,55,80,0.4,AC,16.3738678672192
1336,95,50,0.2,TT,15.0004153636117
1337,95,80,0.2,TT,15.1879157169767
1338,95,50,0.2,AC,19.2448802394668
1339,95,80,0.2,AC,17.8480763152389
1340,95,50,0.4,TT,15.6295867480262
1341,95,80,0.4,TT,14.6714686847085
1342,95,50,0.4,AC,20.4612481248873
1343,95,80,0.4,AC,20.7810764302247
1344,55,50,0.2,TT,17.7691873500123
1345,55,80,0.2,TT,12.2965103127789
1346,55,50,0.2,AC,22.1186668004124
1347,55,80,0.2,AC,17.4227695221672
1348,55,50,0.4,TT,18.057834439554
1349,55,80,0.4,TT,12.1974659640424
1350,55,50,0.4,AC,22.1937534830049
1351,55,80,0.4,AC,15.751184780278
1352,95,50,0.2,TT,17.1363062688756
1353,95,80,0.2,TT,13.9599799227452
1354,95,50,0.2,AC,18.662457573791
1355,95,80,0.2,AC,18.2426212933707
1356,95,50,0.4,TT,14.572726450436
1357,95,80,0.4,TT,13.9543560084082
1358,95,50,0.4,AC,19.5326569200202
1359,95,80,0.4,AC,20.0127297260173
1360,55,50,0.2,TT,16.9178859869814
1361,55,80,0.2,TT,12.1681301990871
1362,55,50,0.2,AC,21.2327318486525
1363,55,80,0.2,AC,16.8445800259558
1364,55,50,0.4,TT,18.6811507944798
1365,55,80,0.4,TT,10.9182361257304
1366,55,50,0.4,AC,23.6103789560646
1367,55,80,0.4,AC,15.9994316807737
1368,95,50,0.2,TT,15.3226932190845
1369,95,80,0.2,TT,14.5493094644593
1370,95,50,0.2,AC,21.2457032835547
1371,95,80,0.2,AC,21.302560232063
1372,95,50,0.4,TT,17.4594414394486
1373,95,80,0.4,TT,14.5959534544646
1374,95,50,0.4,AC,20.7233576796943
1375,95,80,0.4,AC,19.2258349264285
1376,55,50,0.2,TT,17.1688728108753
1377,55,80,0.2,TT,12.2223598539937
1378,55,50,0.2,AC,22.4078101001077
1379,55,80,0.2,AC,17.1211230550562
1380,55,50,0.4,TT,16.9077025071162
1381,55,80,0.4,TT,12.4311472740824
1382,55,50,0.4,AC,22.8843643494454
1383,55,80,0.4,AC,16.4582810884255
1384,95,50,0.2,TT,13.9114436747594
1385,95,80,0.2,TT,14.3786807841079
1386,95,50,0.2,AC,19.2935462887497
1387,95,80,0.2,AC,19.4926448217347
1388,95,50,0.4,TT,16.5653267434979
1389,95,80,0.4,TT,15.2463485673377
1390,95,50,0.4,AC,20.6827812557554
1391,95,80,0.4,AC,20.2029475237862
1392,55,50,0.2,TT,14.5509164016396
1393,55,80,0.2,TT,11.3108709847084
1394,55,50,0.2,AC,23.376925067294
1395,55,80,0.2,AC,16.0630337092043
1396,55,50,0.4,TT,17.5484587264789
1397,55,80,0.4,TT,12.8901852918497
1398,55,50,0.4,AC,23.2790398268546
1399,55,80,0.4,AC,18.2483230978078
1400,95,50,0.2,TT,13.9829723195217
1401,95,80,0.2,TT,14.0342175764372
1402,95,50,0.2,AC,19.195220773386
1403,95,80,0.2,AC,18.672028977953
1404,95,50,0.4,TT,15.5924260053358
1405,95,80,0.4,TT,13.5329737606895
1406,95,50,0.4,AC,19.0228829536486
1407,95,80,0.4,AC,21.4842798362443
1408,55,50,0.2,TT,16.2753325225348
1409,55,80,0.2,TT,11.8644890438283
1410,55,50,0.2,AC,21.0402182402141
1411,55,80,0.2,AC,16.7005031005695
1412,55,50,0.4,TT,15.8921750639385
1413,55,80,0.4,TT,10.8649430032129
1414,55,50,0.4,AC,21.9359050944058
1415,55,80,0.4,AC,15.8571190335486
1416,95,50,0.2,TT,14.8127583168863
1417,95,80,0.2,TT,14.6810495698286
1418,95,50,0.2,AC,21.5791493439955
1419,95,80,0.2,AC,18.6300254753517
1420,95,50,0.4,TT,15.638448827835
1421,95,80,0.4,TT,16.233594510267
1422,95,50,0.4,AC,21.056890326269
1423,95,80,0.4,AC,21.5656961858622
1424,55,50,0.2,TT,17.1855312541238
1425,55,80,0.2,TT,14.6987678296628
1426,55,50,0.2,AC,22.5693815811005
1427,55,80,0.2,AC,16.4423549267359
1428,55,50,0.4,TT,18.0193396536943
1429,55,80,0.4,TT,13.636382965799
1430,55,50,0.4,AC,22.6318661180072
1431,55,80,0.4,AC,15.4182367587326
1432,95,50,0.2,TT,16.2194951570117
1433,95,80,0.2,TT,13.9181031095246
1434,95,50,0.2,AC,20.4867058188194
1435,95,80,0.2,AC,21.40733830084
1436,95,50,0.4,TT,15.1971424683208
1437,95,80,0.4,TT,14.3411235625085
1438,95,50,0.4,AC,20.2129657373734
1439,95,80,0.4,AC,20.1212081962496
1440,55,50,0.2,TT,18.2624011064093
1441,55,80,0.2,TT,10.9472858899004
1442,55,50,0.2,AC,22.0721828322477
1443,55,80,0.2,AC,17.324852162851
1444,55,50,0.4,TT,16.5581864377858
1445,55,80,0.4,TT,11.9554188406878
1446,55,50,0.4,AC,23.9869878158599
1447,55,80,0.4,AC,16.3581628855414
1448,95,50,0.2,TT,16.787722636012
1449,95,80,0.2,TT,14.1803745622149
1450,95,50,0.2,AC,18.9631991670983
1451,95,80,0.2,AC,18.1465625925951
1452,95,50,0.4,TT,15.5510256706997
1453,95,80,0.4,TT,14.9934796133464
1454,95,50,0.4,AC,20.6389662769336
1455,95,80,0.4,AC,19.7592470123541
1456,55,50,0.2,TT,17.2847061825461
1457,55,80,0.2,TT,12.0901330231357
1458,55,50,0.2,AC,20.9605200831299
1459,55,80,0.2,AC,17.3884807056953
1460,55,50,0.4,TT,16.0211225640912
1461,55,80,0.4,TT,11.6341697149121
1462,55,50,0.4,AC,22.0137071834447
1463,55,80,0.4,AC,17.9330861652105
1464,95,50,0.2,TT,15.9296082787203
1465,95,80,0.2,TT,13.5709632721184
1466,95,50,0.2,AC,19.7391903403286
1467,95,80,0.2,AC,19.0420100072055
1468,95,50,0.4,TT,14.829230259731
1469,95,80,0.4,TT,14.8423017342402
1470,95,50,0.4,AC,21.0417306008188
1471,95,80,0.4,AC,20.2841849925045
1472,55,50,0.2,TT,17.6356570834758
1473,55,80,0.2,TT,10.7749637268209
1474,55,50,0.2,AC,21.7075788785838
1475,55,80,0.2,AC,17.8980671465405
1476,55,50,0.4,TT,18.4707841131083
1477,55,80,0.4,TT,10.9141173042495
1478,55,50,0.4,AC,21.3739621668637
1479,55,80,0.4,AC,19.1063521645581
1480,95,50,0.2,TT,15.5922396952504
1481,95,80,0.2,TT,15.1519392854948
1482,95,50,0.2,AC,19.3840164803136
1483,95,80,0.2,AC,18.1109460584163
1484,95,50,0.4,TT,16.2823688578737
1485,95,80,0.4,TT,14.7917136065166
1486,95,50,0.4,AC,20.1687479340802
1487,95,80,0.4,AC,17.5641492577342
1488,55,50,0.2,TT,16.3298863125252
1489,55,80,0.2,TT,12.290651613626
1490,55,50,0.2,AC,22.179151914711
1491,55,80,0.2,AC,18.029531412938
1492,55,50,0.4,TT,17.6782831038065
1493,55,80,0.4,TT,11.1724910795095
1494,55,50,0.4,AC,23.572478252373
1495,55,80,0.4,AC,16.9540917235218
1496,95,50,0.2,TT,13.5987552146136
1497,95,80,0.2,TT,14.0728249771999
1498,95,50,0.2,AC,20.9771968957558
1499,95,80,0.2,AC,17.5816363101264
1500,95,50,0.4,TT,16.5278993469547
1501,95,80,0.4,TT,15.2595629946569
1502,95,50,0.4,AC,20.1800028790393
1503,95,80,0.4,AC,19.3238712621448
1504,55,50,0.2,TT,17.7677638467414
1505,55,80,0.2,TT,12.1459282898872
1506,55,50,0.2,AC,22.0061466166017
1507,55,80,0.2,AC,16.6529186715294
1508,55,50,0.4,TT,17.148593834068
1509,55,80,0.4,TT,11.5985062981156
1510,55,50,0.4,AC,20.5347529655046
1511,55,80,0.4,AC,17.0663792255061
1512,95,50,0.2,TT,14.3835129305205
1513,95,80,0.2,TT,12.4925854972925
1514,95,50,0.2,AC,18.9930094044616
1515,95,80,0.2,AC,20.9597342149389
1516,95,50,0.4,TT,16.7867174954779
1517,95,80,0.4,TT,14.1251189723199
1518,95,50,0.4,AC,19.4585314493048
1519,95,80,0.4,AC,18.7577721470496
1520,55,50,0.2,TT,18.0578467458305
1521,55,80,0.2,TT,10.5050648027144
1522,55,50,0.2,AC,22.4691368182407
1523,55,80,0.2,AC,17.8426892880498
1524,55,50,0.4,TT,17.4541466124828
1525,55,80,0.4,TT,13.1647161742609
1526,55,50,0.4,AC,22.7860875939345
1527,55,80,0.4,AC,15.6808562799506
1528,95,50,0.2,TT,15.4217582779674
1529,95,80,0.2,TT,14.4003661616044
1530,95,50,0.2,AC,21.6007854233715
1531,95,80,0.2,AC,19.041238985365
1532,95,50,0.4,TT,15.1780325474818
1533,95,80,0.4,TT,14.1832247180953
1534,95,50,0.4,AC,20.4274464064057
1535,95,80,0.4,AC,19.865236790328
1536,55,50,0.2,TT,16.0834258875337
1537,55,80,0.2,TT,13.1934874304236
1538,55,50,0.2,AC,21.721380803274
1539,55,80,0.2,AC,17.0506013711205
1540,55,50,0.4,TT,17.3954647044742
1541,55,80,0.4,TT,10.899756721155
1542,55,50,0.4,AC,21.7093327749014
1543,55,80,0.4,AC,15.9282618863584
1544,95,50,0.2,TT,16.3746096570892
1545,95,80,0.2,TT,15.86635383564
1546,95,50,0.2,AC,20.6857832491377
1547,95,80,0.2,AC,20.6049177036405
1548,95,50,0.4,TT,17.6985522833094
1549,95,80,0.4,TT,14.6425275291858
1550,95,50,0.4,AC,21.6723088864792
1551,95,80,0.4,AC,20.9304949790054
1552,55,50,0.2,TT,17.4446597607774
1553,55,80,0.2,TT,11.9745504833378
1554,55,50,0.2,AC,22.4959341673485
1555,55,80,0.2,AC,15.8324985348144
1556,55,50,0.4,TT,17.0649416289101
1557,55,80,0.4,TT,13.7736717475544
1558,55,50,0.4,AC,22.7502635612637
1559,55,80,0.4,AC,15.9774860728627
1560,95,50,0.2,TT,14.7527446080287
1561,95,80,0.2,TT,14.9685797102186
1562,95,50,0.2,AC,21.8225604466178
1563,95,80,0.2,AC,20.5022438276025
1564,95,50,0.4,TT,16.0238877032482
1565,95,80,0.4,TT,12.4837642466965
1566,95,50,0.4,AC,18.6929993634683
1567,95,80,0.4,AC,18.5860049573913
1568,55,50,0.2,TT,17.92822324275
1569,55,80,0.2,TT,11.2694069626139
1570,55,50,0.2,AC,22.2933370880207
1571,55,80,0.2,AC,16.0588319986129
1572,55,50,0.4,TT,17.5017398677023
1573,55,80,0.4,TT,11.8336871750915
1574,55,50,0.4,AC,23.4851607194228
1575,55,80,0.4,AC,17.6652219871451
1576,95,50,0.2,TT,16.4423692887778
1577,95,80,0.2,TT,13.6357940860336
1578,95,50,0.2,AC,20.2596776856119
1579,95,80,0.2,AC,19.6842567796953
1580,95,50,0.4,TT,15.7818263522932
1581,95,80,0.4,TT,17.318170658333
1582,95,50,0.4,AC,20.4890445186919
1583,95,80,0.4,AC,19.840918409846
1584,55,50,0.2,TT,17.5868893071336
1585,55,80,0.2,TT,12.5832893065023
1586,55,50,0.2,AC,20.3574206760349
1587,55,80,0.2,AC,16.1198885757928
1588,55,50,0.4,TT,16.0203329795456
1589,55,80,0.4,TT,11.1014814229384
1590,55,50,0.4,AC,21.2346818544093
1591,55,80,0.4,AC,16.9737151350465
1592,95,50,0.2,TT,14.5797307332359
1593,95,80,0.2,TT,16.6863654497059
1594,95,50,0.2,AC,19.2710557778881
1595,95,80,0.2,AC,20.4274751878937
1596,95,50,0.4,TT,14.5864068681365
1597,95,80,0.4,TT,14.3431981125202
1598,95,50,0.4,AC,19.4292471826946
1599,95,80,0.4,AC,19.8207079224702
1600,45,65,0.2,TT,14.9954292184357
1601,75,65,0.2,TT,9.76574421946444
1602,45,90,0.2,TT,13.3594704812686
1603,75,90,0.2,TT,13.084830832753
1604,45,65,0.2,TT,14.4682015874738
1605,75,65,0.2,TT,12.7839490940672
1606,45,90,0.2,TT,15.3683194750855
1607,75,90,0.2,TT,11.814550290644
1608,45,65,0.2,TT,14.5473970646966
1609,75,65,0.2,TT,11.3091570001814
1610,45,90,0.2,TT,14.7278948907018
1611,75,90,0.2,TT,12.4155264344311
1612,45,65,0.2,TT,13.9427984345292
1613,75,65,0.2,TT,10.0616547047341
1614,45,90,0.2,TT,13.1593163317313
1615,75,90,0.2,TT,12.8753648375825
1616,45,65,0.2,TT,14.774671128082
1617,75,65,0.2,TT,9.38695090738457
1618,45,90,0.2,TT,12.5715158886338
1619,75,90,0.2,TT,12.5678444019878
1620,45,65,0.2,TT,13.8095555182722
1621,75,65,0.2,TT,10.3310927538701
1622,45,90,0.2,TT,14.03603967464
1623,75,90,0.2,TT,13.6667825478695
1624,45,65,0.2,TT,14.9088819824574
1625,75,65,0.2,TT,9.2226890171604
1626,45,90,0.2,TT,13.609103075463
1627,75,90,0.2,TT,12.0137004710649
1628,45,65,0.2,TT,14.260639401909
1629,75,65,0.2,TT,10.4526898770195
1630,45,90,0.2,TT,10.1008184168712
1631,75,90,0.2,TT,12.0803107089919
1632,45,65,0.2,TT,13.8094352084093
1633,75,65,0.2,TT,10.9959588033619
1634,45,90,0.2,TT,14.8528411217782
1635,75,90,0.2,TT,12.045409147599
1636,45,65,0.2,TT,14.5845634546035
1637,75,65,0.2,TT,12.7596592296846
1638,45,90,0.2,TT,14.3365901724755
1639,75,90,0.2,TT,13.6212191448495
1640,45,65,0.2,TT,13.234746910807
1641,75,65,0.2,TT,12.5219271799753
1642,45,90,0.2,TT,12.9569343717737
1643,75,90,0.2,TT,11.3419926506063
1644,45,65,0.2,TT,14.3074920882393
1645,75,65,0.2,TT,12.1604182443606
1646,45,90,0.2,TT,13.2900811761969
1647,75,90,0.2,TT,13.5807144728123
1648,45,65,0.2,TT,15.0813858099105
1649,75,65,0.2,TT,10.2299960718583
1650,45,90,0.2,TT,12.2189806875691
1651,75,90,0.2,TT,13.6108180508917
1652,45,65,0.2,TT,13.9192450533213
1653,75,65,0.2,TT,10.4043907470137
1654,45,90,0.2,TT,14.5489612793268
1655,75,90,0.2,TT,11.8293393563951
1656,45,65,0.2,TT,15.4503540666757
1657,75,65,0.2,TT,10.6265148646602
1658,45,90,0.2,TT,13.3835386356156
1659,75,90,0.2,TT,13.347311911514
1660,45,65,0.2,TT,12.2681940768728
1661,75,65,0.2,TT,11.7453923696216
1662,45,90,0.2,TT,13.7196734752887
1663,75,90,0.2,TT,13.4971081951981
1664,45,65,0.2,TT,15.4785894274239
1665,75,65,0.2,TT,9.83432168646064
1666,45,90,0.2,TT,14.4020102435722
1667,75,90,0.2,TT,12.6494039536567
1668,45,65,0.2,TT,12.980606833864
1669,75,65,0.2,TT,10.3060162920394
1670,45,90,0.2,TT,13.9965014229172
1671,75,90,0.2,TT,12.7352145979412
1672,45,65,0.2,TT,13.1000461188182
1673,75,65,0.2,TT,11.4481462481629
1674,45,90,0.2,TT,14.7593443693503
1675,75,90,0.2,TT,12.50925115819
1676,45,65,0.2,TT,13.8323706236366
1677,75,65,0.2,TT,11.7165589686763
1678,45,90,0.2,TT,13.1888528475176
1679,75,90,0.2,TT,15.436563627468
1680,45,65,0.2,TT,16.1251364524268
1681,75,65,0.2,TT,12.6551588201909
1682,45,90,0.2,TT,13.6861178504996
1683,75,90,0.2,TT,12.492957760859
1684,45,65,0.2,TT,13.4241686939268
1685,75,65,0.2,TT,11.7331024206282
1686,45,90,0.2,TT,13.987512760735
1687,75,90,0.2,TT,15.0361933745066
1688,45,65,0.2,TT,14.1391224834972
1689,75,65,0.2,TT,10.2029983058843
1690,45,90,0.2,TT,15.5109154506839
1691,75,90,0.2,TT,14.7119373039213
1692,45,65,0.2,TT,13.6840618160965
1693,75,65,0.2,TT,11.0784162009781
1694,45,90,0.2,TT,11.6162444450345
1695,75,90,0.2,TT,12.2805088714885
1696,45,65,0.2,TT,15.3522032546674
1697,75,65,0.2,TT,11.8906152079217
1698,45,90,0.2,TT,14.1657559790736
1699,75,90,0.2,TT,14.0297089375621
1700,45,65,0.2,TT,15.3978312348809
1701,75,65,0.2,TT,10.7074795677128
1702,45,90,0.2,TT,12.7010829727179
1703,75,90,0.2,TT,13.3285403974607
1704,45,65,0.2,TT,13.6991698676241
1705,75,65,0.2,TT,11.8825496316257
1706,45,90,0.2,TT,16.1425026335087
1707,75,90,0.2,TT,10.5693568035157
1708,45,65,0.2,TT,13.386621751434
1709,75,65,0.2,TT,9.79957270496396
1710,45,90,0.2,TT,13.3538407280652
1711,75,90,0.2,TT,12.5284616596275
1712,45,65,0.2,TT,15.0334576529611
1713,75,65,0.2,TT,11.1508092812584
1714,45,90,0.2,TT,14.4057455115971
1715,75,90,0.2,TT,11.5785594576443
1716,45,65,0.2,TT,13.7912704738442
1717,75,65,0.2,TT,10.3345011794203
1718,45,90,0.2,TT,12.6876656954097
1719,75,90,0.2,TT,12.0749568770779
1720,45,65,0.2,TT,14.8789929852861
1721,75,65,0.2,TT,13.1296462805978
1722,45,90,0.2,TT,14.2931593830451
1723,75,90,0.2,TT,13.7121332784014
1724,45,65,0.2,TT,14.0942921024653
1725,75,65,0.2,TT,11.830753729182
1726,45,90,0.2,TT,13.9360420161586
1727,75,90,0.2,TT,11.3081110582134
1728,45,65,0.2,TT,13.1868841905975
1729,75,65,0.2,TT,11.0031552264772
1730,45,90,0.2,TT,13.5283126113082
1731,75,90,0.2,TT,13.1285206625094
1732,45,65,0.2,TT,14.021840576981
1733,75,65,0.2,TT,11.2343984449935
1734,45,90,0.2,TT,14.534163780972
1735,75,90,0.2,TT,11.786586208712
1736,45,65,0.2,TT,14.9140636972251
1737,75,65,0.2,TT,11.6394484874017
1738,45,90,0.2,TT,13.7960234749089
1739,75,90,0.2,TT,11.1709117997079
1740,45,65,0.2,TT,14.0930521122769
1741,75,65,0.2,TT,10.1078786319709
1742,45,90,0.2,TT,13.8617581216711
1743,75,90,0.2,TT,12.5150205933544
1744,45,65,0.2,TT,14.2704061463505
1745,75,65,0.2,TT,11.565207858178
1746,45,90,0.2,TT,14.1368739983092
1747,75,90,0.2,TT,12.0187239574849
1748,45,65,0.2,TT,13.7187308871546
1749,75,65,0.2,TT,9.28915056219194
1750,45,90,0.2,TT,13.1876643453924
1751,75,90,0.2,TT,13.1982897428757
1752,45,65,0.2,TT,13.5443262711371
1753,75,65,0.2,TT,9.96227165244443
1754,45,90,0.2,TT,12.2538642827572
1755,75,90,0.2,TT,12.413562872857
1756,45,65,0.2,TT,13.9627805898177
1757,75,65,0.2,TT,12.0466314793244
1758,45,90,0.2,TT,14.99381764101
1759,75,90,0.2,TT,12.8613487047769
1760,45,65,0.2,TT,12.8527006745253
1761,75,65,0.2,TT,8.93899977674488
1762,45,90,0.2,TT,12.4647108903773
1763,75,90,0.2,TT,12.6286161870036
1764,45,65,0.2,TT,14.7499326898231
1765,75,65,0.2,TT,10.3044073731438
1766,45,90,0.2,TT,12.8876358569976
1767,75,90,0.2,TT,13.013921209693
1768,45,65,0.2,TT,14.3877842862247
1769,75,65,0.2,TT,11.1733696932254
1770,45,90,0.2,TT,13.4473975733518
1771,75,90,0.2,TT,12.9929723371748
1772,45,65,0.2,TT,13.5540851865311
1773,75,65,0.2,TT,11.6026995464275
1774,45,90,0.2,TT,14.582060817188
1775,75,90,0.2,TT,13.5981324559497
1776,45,65,0.2,TT,14.6358563309848
1777,75,65,0.2,TT,11.6618686934357
1778,45,90,0.2,TT,13.746213457771
1779,75,90,0.2,TT,15.2554815061811
1780,45,65,0.2,TT,15.3771252601813
1781,75,65,0.2,TT,12.5043730885955
1782,45,90,0.2,TT,15.3311733165196
1783,75,90,0.2,TT,13.9778383885945
1784,45,65,0.2,TT,15.5458804540516
1785,75,65,0.2,TT,11.9846475137397
1786,45,90,0.2,TT,12.747374008069
1787,75,90,0.2,TT,12.3045393314753
1788,45,65,0.2,TT,14.2741802646436
1789,75,65,0.2,TT,10.6412350587236
1790,45,90,0.2,TT,12.9077118643579
1791,75,90,0.2,TT,13.2370884530474
1792,45,65,0.2,TT,14.5366054910378
1793,75,65,0.2,TT,11.6792591803396
1794,45,90,0.2,TT,13.4997308735549
1795,75,90,0.2,TT,13.0359738054958
1796,45,65,0.2,TT,13.7856858153265
1797,75,65,0.2,TT,13.5806350111036
1798,45,90,0.2,TT,15.9104582629476
1799,75,90,0.2,TT,12.7251861635329
1800,45,65,0.2,TT,13.8888526652103
1801,75,65,0.2,TT,13.1604873813608
1802,45,90,0.2,TT,14.0014397158522
1803,75,90,0.2,TT,13.8359464959352
1804,45,65,0.2,TT,14.5737587646647
1805,75,65,0.2,TT,10.3294124284111
1806,45,90,0.2,TT,13.2060087067588
1807,75,90,0.2,TT,14.3794617574033
1808,45,65,0.2,TT,14.4217036454364
1809,75,65,0.2,TT,9.75652450290426
1810,45,90,0.2,TT,14.9080853342438
1811,75,90,0.2,TT,14.2798869137356
1812,45,65,0.2,TT,14.0276638390275
1813,75,65,0.2,TT,10.6401727053419
1814,45,90,0.2,TT,15.0135042311485
1815,75,90,0.2,TT,12.1768992764619
1816,45,65,0.2,TT,14.8778142574845
1817,75,65,0.2,TT,11.7153426391606
1818,45,90,0.2,TT,14.2485060631378
1819,75,90,0.2,TT,14.5314592585341
1820,45,65,0.2,TT,13.165537564348
1821,75,65,0.2,TT,10.2525632236103
1822,45,90,0.2,TT,12.388725953531
1823,75,90,0.2,TT,13.1585777057737
1824,45,65,0.2,TT,13.5469303307735
1825,75,65,0.2,TT,10.2639061478927
1826,45,90,0.2,TT,13.7704458125511
1827,75,90,0.2,TT,11.1386422632482
1828,45,65,0.2,TT,15.2758197030858
1829,75,65,0.2,TT,11.5293916071424
1830,45,90,0.2,TT,13.6468977714185
1831,75,90,0.2,TT,12.9952583533715
1832,45,65,0.2,TT,16.5158336905464
1833,75,65,0.2,TT,11.1334246475664
1834,45,90,0.2,TT,14.7602304575985
1835,75,90,0.2,TT,13.8845208457266
1836,45,65,0.2,TT,13.2488227195497
1837,75,65,0.2,TT,11.3363142371699
1838,45,90,0.2,TT,13.2033045221514
1839,75,90,0.2,TT,11.3355342316976
1840,45,65,0.2,TT,13.8512523159971
1841,75,65,0.2,TT,11.2579627283117
1842,45,90,0.2,TT,14.2840839969984
1843,75,90,0.2,TT,13.5422674306494
1844,45,65,0.2,TT,14.3852361922923
1845,75,65,0.2,TT,11.1904777916466
1846,45,90,0.2,TT,12.8062462426548
1847,75,90,0.2,TT,12.1968235110462
1848,45,65,0.2,TT,11.5611050123713
1849,75,65,0.2,TT,10.8165676168073
1850,45,90,0.2,TT,13.5023286396262
1851,75,90,0.2,TT,11.8933792533846
1852,45,65,0.2,TT,12.2812783489871
1853,75,65,0.2,TT,11.7406650051602
1854,45,90,0.2,TT,12.8798542968714
1855,75,90,0.2,TT,13.2804331504387
1856,45,65,0.2,TT,14.747664254099
1857,75,65,0.2,TT,11.5093403249753
1858,45,90,0.2,TT,13.4649728443046
1859,75,90,0.2,TT,13.8175890571388
1860,45,65,0.2,TT,15.5265501785018
1861,75,65,0.2,TT,9.60974897180981
1862,45,90,0.2,TT,12.5356774174073
1863,75,90,0.2,TT,12.7098240114023
1864,45,65,0.2,TT,14.8510819305093
1865,75,65,0.2,TT,12.4658812436498
1866,45,90,0.2,TT,12.9939317071492
1867,75,90,0.2,TT,12.7687069446151
1868,45,65,0.2,TT,16.0047808700666
1869,75,65,0.2,TT,11.10462592335
1870,45,90,0.2,TT,12.9093069670918
1871,75,90,0.2,TT,10.6660423262405
1872,45,65,0.2,TT,14.684264027541
1873,75,65,0.2,TT,11.0818915869046
1874,45,90,0.2,TT,14.5823484341608
1875,75,90,0.2,TT,12.683991627572
1876,45,65,0.2,TT,15.903344848761
1877,75,65,0.2,TT,10.3757101548639
1878,45,90,0.2,TT,14.2767888921869
1879,75,90,0.2,TT,12.7214513023367
1880,45,65,0.2,TT,12.6797402167827
1881,75,65,0.2,TT,10.6974241240144
1882,45,90,0.2,TT,13.199444901408
1883,75,90,0.2,TT,12.8739168583017
1884,45,65,0.2,TT,13.7088627488149
1885,75,65,0.2,TT,12.4047031414578
1886,45,90,0.2,TT,14.5323021729173
1887,75,90,0.2,TT,14.3282839841047
1888,45,65,0.2,TT,13.0422217045827
1889,75,65,0.2,TT,11.8526875483591
1890,45,90,0.2,TT,14.1205542838571
1891,75,90,0.2,TT,11.7093707805394
1892,45,65,0.2,TT,14.1343080783928
1893,75,65,0.2,TT,10.5737381721427
1894,45,90,0.2,TT,12.9230224732536
1895,75,90,0.2,TT,13.3637676583959
1896,45,65,0.2,TT,15.4251231874954
1897,75,65,0.2,TT,10.979454260187
1898,45,90,0.2,TT,13.9365791931271
1899,75,90,0.2,TT,14.1795716249379
1900,45,65,0.2,TT,14.2345176072382
1901,75,65,0.2,TT,10.3235791273088
1902,45,90,0.2,TT,15.6326999728803
1903,75,90,0.2,TT,13.2349825826129
1904,45,65,0.2,TT,13.9811158899258
1905,75,65,0.2,TT,12.0400874020062
1906,45,90,0.2,TT,14.3271573203874
1907,75,90,0.2,TT,13.2519576383654
1908,45,65,0.2,TT,13.5689917605696
1909,75,65,0.2,TT,12.5114201446802
1910,45,90,0.2,TT,11.8055975705117
1911,75,90,0.2,TT,12.8708545268616
1912,45,65,0.2,TT,13.7617452336189
1913,75,65,0.2,TT,12.3900749401736
1914,45,90,0.2,TT,14.3385604136002
1915,75,90,0.2,TT,13.1888773762984
1916,45,65,0.2,TT,15.4090955485115
1917,75,65,0.2,TT,11.2848007374451
1918,45,90,0.2,TT,14.3159737189555
1919,75,90,0.2,TT,14.0029918418231
1920,45,65,0.2,TT,15.5581328872852
1921,75,65,0.2,TT,11.7146658659234
1922,45,90,0.2,TT,13.6744789648887
1923,75,90,0.2,TT,12.7886025693864
1924,45,65,0.2,TT,14.8097986798308
1925,75,65,0.2,TT,10.1282579414822
1926,45,90,0.2,TT,13.7897821951626
1927,75,90,0.2,TT,14.3242671999941
1928,45,65,0.2,TT,14.0953886330136
1929,75,65,0.2,TT,11.4083443523152
1930,45,90,0.2,TT,14.6101545477486
1931,75,90,0.2,TT,11.2288440457641
1932,45,65,0.2,TT,15.7691779698378
1933,75,65,0.2,TT,11.9268541071192
1934,45,90,0.2,TT,13.9702373110783
1935,75,90,0.2,TT,11.4452416455411
1936,45,65,0.2,TT,13.6670094830147
1937,75,65,0.2,TT,9.25398207417423
1938,45,90,0.2,TT,13.9770472700236
1939,75,90,0.2,TT,13.5219050318667
1940,45,65,0.2,TT,13.6514716410482
1941,75,65,0.2,TT,11.3689436202999
1942,45,90,0.2,TT,15.7238878383027
1943,75,90,0.2,TT,14.0447284998329
1944,45,65,0.2,TT,13.8218143575743
1945,75,65,0.2,TT,10.8821523605587
1946,45,90,0.2,TT,15.865324813194
1947,75,90,0.2,TT,12.6873637622125
1948,45,65,0.2,TT,15.4644296612275
1949,75,65,0.2,TT,11.7469605838126
1950,45,90,0.2,TT,13.3785140721798
1951,75,90,0.2,TT,11.8469220596809
1952,45,65,0.2,TT,15.7494755046164
1953,75,65,0.2,TT,11.5032859581369
1954,45,90,0.2,TT,15.0737384596123
1955,75,90,0.2,TT,11.5221787666979
1956,45,65,0.2,TT,14.4137269872543
1957,75,65,0.2,TT,9.19934098399598
1958,45,90,0.2,TT,12.9493297294537
1959,75,90,0.2,TT,13.2178944005818
1960,45,65,0.2,TT,13.1418167306534
1961,75,65,0.2,TT,10.8868387979509
1962,45,90,0.2,TT,15.4036430295627
1963,75,90,0.2,TT,13.4397357404468
1964,45,65,0.2,TT,16.1100914861895
1965,75,65,0.2,TT,11.6115386117692
1966,45,90,0.2,TT,11.7121950128446
1967,75,90,0.2,TT,12.6318721971381
1968,45,65,0.2,TT,11.3691595466904
1969,75,65,0.2,TT,11.3385863599202
1970,45,90,0.2,TT,14.8620963467269
1971,75,90,0.2,TT,12.7333735085972
1972,45,65,0.2,TT,14.623271466674
1973,75,65,0.2,TT,11.3716810877247
1974,45,90,0.2,TT,12.2678145660815
1975,75,90,0.2,TT,12.9716601094259
1976,45,65,0.2,TT,14.8243380504752
1977,75,65,0.2,TT,11.7896835346917
1978,45,90,0.2,TT,12.9546004254589
1979,75,90,0.2,TT,14.8908397804074
1980,45,65,0.2,TT,14.2804143979471
1981,75,65,0.2,TT,12.0919567103611
1982,45,90,0.2,TT,13.0056930648105
1983,75,90,0.2,TT,12.4647963042609
1984,45,65,0.2,TT,14.9568960900302
1985,75,65,0.2,TT,11.8882401942074
1986,45,90,0.2,TT,14.487441896081
1987,75,90,0.2,TT,12.5014466956916
1988,45,65,0.2,TT,13.9867040089715
1989,75,65,0.2,TT,11.6449621039606
1990,45,90,0.2,TT,12.7810757115007
1991,75,90,0.2,TT,12.0982693764616
1992,45,65,0.2,TT,14.6051431999071
1993,75,65,0.2,TT,10.4401323579444
1994,45,90,0.2,TT,14.6366159652751
1995,75,90,0.2,TT,14.9467950245918
1996,45,65,0.2,TT,15.8662437665857
1997,75,65,0.2,TT,9.63171283793365
1998,45,90,0.2,TT,12.956458690277
1999,75,90,0.2,TT,11.5621230340949
